title,abstract,pdf_url,doi,publication_date
Mind the gap!,"The energy gap between the highest occupied and lowest unoccupied electronic levels is a critical parameter determining the electronic, optical, redox, and transport (electrical) properties of a material. However, the energy gap comes in many flavors, such as the band gap, HOMO–LUMO gap, fundamental gap, optical gap, or transport gap, with each of these terms carrying a specific meaning. Failure to appreciate the distinctions among these different energy gaps has caused much confusion in the literature, which is manifested by the frequent use of improper terminology, in particular, in the case of organic molecular or macromolecular materials. Thus, it is our goal here to clarify the meaning of the various energy gaps that can be measured experimentally or evaluated computationally, with a focus on π-conjugated materials of interest for organic electronics and photonics applications.",https://pubs.rsc.org/en/content/articlepdf/2014/mh/c3mh00098b,https://doi.org/10.1039/c3mh00098b,2013-09-20
Nitel Araştırma Süreci: Nitel Bir Araştırma Nasıl Yapılır?,"Bu araştırmada, nitel araştırmalarda yaygın olarak kullanılan süreçlerden bahsedilmiş, ayrıca araştırma sürecinin kuramsal temelleri ve uygulamaya yönelik stratejileri ele alınmıştır. Bu çalışma özünde nitel araştırmacıların sıklıkla yöntembilim eksikliklerinden doğan uygulama sorunlarına karşı kavramsal bir zemin oluşturmayı hedeflemiştir. Çalışma ile nitel araştırma sürecinde eksikliği hissedilen kavramsal zemin oluşturulacak ve uygulamaya dönük stratejiler üzerinde durulacaktır. Bu amaçla belirtilen çerçevede alanyazında sıklıkla vurgulanan nitel desenler taranarak, elde edilen veriler kuramsal boyutta tartışılmış, bunun yanında nitel araştırmalara yön verecek yöntemler ve stratejiler hakkında bilgi verilmiştir. Çalışma sonucunda, nitel araştırma sürecinin, nicel araştırmalardan oldukça farklı ve öznel bir süreci ifade ettiği, nitel araştırmaya konu olan sorunsalı tüm dinamikleriyle ve derinlemesine incelemeye çalıştığı belirlenmiştir. Bu çalışma özellikle Türkçe alanyazında eksikliği hissedilen güncel ve kolaylıkla uygulanabilir nitel araştırma yöntemlerindeki eksikliğin tamamlanması amacını gütmektedir. Çalışmanın, nitel araştırma yöntemlerini kullanacak araştırmacılara gerek nitel verilere ilişkin bilgi toplama, araştırma ve gerekse analiz seçimi ve uygulamalarında yol göstereceği umulmaktadır.",https://dergipark.org.tr/tr/download/article-file/898942,https://doi.org/10.31592/aeusbed.598299,2019-12-24
Bir araştırma yöntemi olarak doküman analizi,"Doküman analizi, araştırma verilerinin birincil kaynağı olarak çeşitli dokümanların toplanması, gözden geçirilmesi, sorgulanması ve analizi olarak tanımlanabilen bilimsel bir araştırma yöntemidir. Bu yöntem, alanyazında çoğunlukla diğer araştırma yöntemlerinin tamamlayıcısı olarak hizmet ederken, tek başına bir yöntem olarak da kullanılmaktadır. Sosyal bilimlerde çalışma yöntemi olarak doküman analizinin kullanıldığı araştırmaların sayısında bir artış göze çarpmaktadır. Bu artışa rağmen diğer yöntemlerle karşılaştırıldığında doküman analizinin kullanımının oldukça sınırlı olduğu söylenebilir. Doküman analizinin bir araştırma yöntemi olarak birçok avantajı olmasına rağmen az kullanılmasının sebeplerinden birinin bu yöntem hakkındaki bilgi yetersizliği olduğu düşünülmektedir. Bir araştırma yöntemi olarak doküman analizi hakkında daha detaylı bilgilere ihtiyaç duyulmaktadır. Bu nedenle bu çalışmada doküman analizinin tanımı, mantığı, aşamaları, avantajları ve dezavantajlarının ortaya konulması amaçlanmıştır. Bununla birlikte, doküman analizine ilişkin bazı yanlış çıkarımlar söz konusudur. Buradan yola çıkarak bu çalışma kapsamında, (1) doküman analizi bir araştırma yöntemi mi, bir nitel veri toplama tekniği mi yoksa bir nitel veri analiz yöntemi mi, (2) yöntem çeşitlemesi (triangulation) ile veri çeşitlemesi aynı şey mi ve (3) doküman analizinin kullanıldığı bir araştırma bir alanyazın taraması mı tartışmalarına değinilmiştir. Ayrıca, doküman analizi yönteminde geçerlik ve güvenirliği sağlamak için dokümanları yalnızca incelemek yerine, kaynağı ve oluşma biçimiyle birlikte yorumlamaya çalışmak, dokümanlardan çıkarılan sonuçları farklı kaynaklardan doğrulamak ve gerektiğinde doküman analizi dışındaki yöntemleri de kullanmak ve bütün araştırma yöntemlerinde olduğu gibi doküman analizinde de araştırma standartlarına ve etiğe sıkı sıkıya bağlı kalmak gerektiği üzerinde durulmuştur.",https://dergipark.org.tr/tr/download/article-file/1456954,https://doi.org/10.33400/kuje.843306,2021-05-19
NİTEL BİR VERİ ANALİZİ YÖNTEMİ OLARAK DOKÜMAN ANALİZİ,"Dokümanlar, uzun yıllardır nitel araştırmalarda önemli bir unsur olmuştur. Doküman çeşitleri olarak kitaplar, mektuplar, dergiler, günlükler, haritalar, çizelgeler, istatistikler, anayasa ve yönetmelikler, yasal metinler, gazeteler, fotoğraflar, anılar, röportajlar, okul kayıtları, sağlık ve kamu kayıtları, resimler, videolar, mesajlar vb. sayılabilir. Özellikle son yıllarda, metotolojinin bir parçası olarak doküman analizinden bahseden araştırma raporlarını ve dergi makalelerinin sayısında bir artış gözlenmektedir. Burada dikkati çeken en önemli şey literatürde yer alan, araştırmaların, makalelerin çoğunda, takip edilen prosedür ve doküman analizi hakkında detaylı ve yeterli ayrıntı bulunmamasıdır. Alan yazında en çok kullanılan doküman analizi yöntemi dokümana ulaşma, orijinal olup olmadığını teyit etme, dokumanı anlama, analiz etme, veriyi kullanmadır. Bu araştırmada dokümanların nitel araştırmadaki yeri ve işlevi incelenmiştir. Dokümanların niteliği ve biçimleri ile doküman analizinin avantajları, sınırlılıkları ve zorlukları ana hatları ile açıklanmakta, dokümanların neler olduğu listelenmekte ve kullanımı ile ilgili örnekler sunulmaktadır. Ayrıca araştırmada, doküman analizi yapacaklar için çeşitli öneriler de yer almaktadır. Bu makalenin temel amacı nitel araştırma yöntemi olarak doküman analizinin ne olduğunu açıklamak, bunun kullanımını teşvik etmek ve bununla ilgili anlayış ve kullanım bilgisini yerleştirmektir. Bunların dışında analiz doküman analizi ile ilgili bilgiler vermenin yanı sıra veri toplarken, analiz ederken, raporlaştırırken kısacası dokuman analizindeki etik konular ve dikkat edilmesi gerekenlere ilişkin de bilgiler verilmiştir. Anahtar kelimeler: Veri, veri toplama, doküman, analiz, doküman analizi",https://dergipark.org.tr/tr/pub/susbid/issue/54983/727462,,2020-06-17
YAŞAM DOYUMU ÖLÇEĞİNİN TÜRKÇE’YE UYARLANMASI: GEÇERLİK VE GÜVENİRLİK ÇALIŞMASI,"Bu araştırmanın amacı, Diener, Emmons, Larsen ve Griffin (1985) tarafından geliştirilen “Yaşam Doyumu Ölçeği”nin(YDÖ) Türkiye koşullarında geçerlik ve güvenirlik çalışmasını yapmaktır. Özgün ölçek İngilizce olup, tek faktörlü bir yapı altında toplam 5 maddeden oluşmaktadır. Uyarlama çalışması için öncelikle orijinal ölçeğin Türkçeye çevirisi yapılmış, daha sonra dil, içerik, ölçme ve değerlendirme alanlarındaki uzmanların görüşlerine sunulmuştur. Uzmanların önerileri doğrultusunda ölçek üzerinde bazı değişiklikler yapıldıktan sonra Türkçe form ile İngilizce formun aynı anlamı taşıyıp taşımadığının uygulamada belirlenmesi amacıyla ölçekler iki hafta ara ile bir grup öğretmene uygulanmıştır. Her iki ölçekten alınan puanlar arsındaki tutarlığı test etmek için Pearson Mometler Çarpımı Korelasyon Katsayısı hesaplanmış ve 0,92 olarak saptanmıştır. Buna göre, İngilizce ve Türkçe ölçekler arasında yüksek düzeyde, pozitif ve anlamlı bir ilişki olduğu saptanmıştır. Dilsel eşdeğerliği sağlanan ölçek, Diyarbakır İl merkezindeki resmi ilkokullarda görevli 200 öğretmene uygulanmıştır. Ölçeğin Cronbach Alpha iç tutarlık kat sayısı 0,88 ve test- tekrar test güvenirliği ise 0,97 olarak saptanmıştır. Yapılan faktör analizi sonuçları, Yaşam Doyumu Ölçeği’nin orijinal ölçekte olduğu gibi, tek faktörlü bir yapı gösterdiğini ve yine özgün ölçekte olduğu gibi 5 maddeden oluştuğunu ortaya koymuştur. Yapılan geçerlik ve güvenirlik analizleri sonucunda, ölçeğin Türkiye’de Milli Eğitim Bakanlığı’na bağlı okullarda görevli öğretmenlerin yaşam doyumuna ilişkin algılarının belirlenmesinde kullanılabilecek geçerli ve güvenilir bir araç olduğu tespit edilmiştir.",http://dergipark.gov.tr/download/article-file/229755,https://doi.org/10.17755/esosder.263229,2016-10-15
Coronavirüs ve Çevrimiçi (Online) Eğitimin Önlenemeyen Yükselişi,"Aralık 2019 sonu ve 2020 Ocak Ayı başında ortaya çıkan Covid-19 Virüsü bütün dünyada korkulu bir rüya haline geldi. Ölümleri azaltmak, bulaşın ilerleme hızını düşürmek, tedavi çalışmaları için zaman kazanabilmek amacıyla birçok ülkede alınan tedbirler arasında, eğitim kurumlarında ve üniversitelerde sınıf içi yüz yüze eğitime belli bir süre ara vermek ya da tatil ilan etmek gibi düzenlemelerle olabildiğince sosyal mesafe yaratmaya çalışılmıştır. Buna ilişkin olarak Birleşmiş Milletler verilerine göre, dünyada 770 milyon kişilik öğrenen kitle, okulların ve üniversitelerin kapanmasından etkilenmiştir. Bu çalışmada, ülkelerin ve üniversitelerin eğitim öğretime ara vermemesini sağlamak adına bir zorunluluk haline gelen uzaktan eğitim çalışmalarının bir değerlendirilmesi yapılmıştır. Bu kavramsal çalışmada, durum tespiti yaparak çevrimiçi öğrenmenin yüz yüze öğrenmeye göre kriz dönemi sonrasında da ana akım öğrenme haline dönüşmesi konusu ele alınmaktadır.",https://dergipark.org.tr/tr/download/article-file/1051865,https://doi.org/10.32329/uad.711110,2020-04-20
Ölçek Geliştirme Çalışmalarında Temel İlkeler,"Stages of development, adaptation and usage of the scale need to be studied in accordance with the criteria and standards. Otherwise, the reliability and validity of the scale level will be low. Validity is a measurement tool for correct calculation without mixing any particular characteristics and can change by depending on the group administrated and the way of administration. Reliability of a measurement tool depends on the degree of consistency or the degree of how much the tool is free of errors. It is not only a characteristics of a measurement tool, but also a characteristic for the results of the tool. If the validity of a scale is not at the desired level, it decreases the power of statistical tests and determination of the difference between groups is significantly blocked or may result in increased costs and loss of time, in a much larger number of subjects to be included in the research by making it mandatory. A test with low reliability concludes in a measurement “bias” and leads to faulty decisions in clinical practises. In this study, the validity / reliability of the necessary conditions have been mentioned, regarding the creation of the scales used in research needs to be done.",https://dergipark.org.tr/tr/download/article-file/199275,https://doi.org/10.25282/ted.228738,2014-05-01
Koronavirüs (Covid-19) Pandemisi Sırasında İlköğretim Öğrencilerinin Uzaktan Eğitime Yönelik İmge ve Algıları: Bir Metafor Analizi,"Koronavirüs (Covid-19) pandemisiyle beraber tüm eğitim kurumları kapatılmış, eğitimin devamlılığını sağlamak üzere (acil) uzaktan eğitim uygulamaları devreye sokulmuştur. Bu süreçten yükseköğretim kadar ilk ve ortaöğretim düzeyindeki öğrenciler de etkilenmiştir. Bu bağlamda bu çalışma ilköğretim öğrencilerinin pandemi süresince edindikleri deneyimleri nitel olgubilim (fenomenoloji) çalışması kapsamında metafor analiziyle incelemiştir. Çalışmada olumlu metafor grubunda kolaylaştırıcı, yaşam boyu öğrenme, öğretimsel bulunuşluk, yapılandırılmış öğrenme, topluluk hissi, özerklik, zaman ve mekan bağımsızlık, içsel motivasyon ve erişebilirlik temaları ortaya çıkmıştır. Olumsuz metaforlar grubunda ise yalnızlık duygusu, yapaylık, sosyalleşme, dışsal motivasyon, izolasyon, iletişimsizlik, psikolojik uzaklık, kalite, eşitsizlik, anındalık ve duyuşsal yakınlık temaları ortaya çıkmıştır. Çalışma sonucuna göre uzaktan eğitimde kuram ve uygulamanın dengeli bir şekilde uygulanmasının ve buna göre öğretim tasarımı yapılmasının anlamlı öğrenme deneyimleri sağlayacağı düşünülmektedir.",https://dergipark.org.tr/tr/download/article-file/1229726,https://doi.org/10.29065/usakead.777652,2020-08-27
Sosyal Bilimlerde Betimsel İçerik Analizi,"Betimsel içerik analizi yöntemi, belirli bir konuda ya da alanda birbirinden bağımsız olarak yapılan nitel ve nicel çalışmaların derinlemesine incelenip düzenlenmesi anlamına gelir. Böylece o konu ya da alandaki genel eğilimler belirlenmektedir. Bu yöntemde elde edilen sonuçların, hedeflenen konulara yönelik olarak gelecekte planlanan çalışmalara yön göstermesi beklenmektedir. Bu çalışmanın temel amacı, eğitim bilimleri alanında sıkça kullanılmakta olan betimsel içerik analizi yönteminin, diğer sosyal bilimler alanlarında da kullanılabilmesi için, analizin nasıl yapılacağına dair soruların giderilmesini sağlamaktır. Çalışmanın, sosyal bilimler alanında betimsel içerik analizini kullanmak isteyen akademisyenlere yön göstermesi, temel bir kaynak olması hedeflenmektedir. Betimsel içerik analizinde, özellikle incelenen çalışmaların amaçlarına, gerekçelerine, sonuçlarına ve önerilerine ait analizlerde nitel analiz yaklaşımlarına uygun olarak, kod havuzu oluşturup, bu kodlara uygun temalandırma/kategorilendirme yönteminin kullanılması, betimsel içerik analizi çalışmalarının nitelik açısından da zenginleşmesini sağlayacaktır. Ayrıca, yapılacak olan betimsel içerik analizi çalışmalarında, incelenen çalışmalar, standartlaşmış analiz aşamaları dışında, benzer konulardaki diğer betimsel içerik analizi çalışmalarından ayrılması adına, farklı yönlerden de analize tabi tutulması gerekmektedir.",https://dergipark.org.tr/tr/download/article-file/1545984,https://doi.org/10.21733/ibad.871703,2021-03-08
ACTFL Proficiency Guidelines 2024,The book review template does not include a summary,https://dergipark.org.tr/en/download/article-file/3977178,https://doi.org/10.31464/jlere.1494854,2024-10-10
Science Teachers' Views on Distance Education in the COVID-19 Pandemic Process,"Son günlerde, Dünya’yı etkisine alan COVID-19 pandemisiülkeleri birçok alanda etkisi altına almıştır. Bunların başında da eğitim gelmektedir. Pandeminin etkisi altında kalan bütün ülkelerde olduğu gibi ülkemizde de eğitimler uzaktan eğitim yoluyla verilmeye başlanmıştır. Bu araştırmada, COVID-19 pandemisi sürecinde uzaktan eğitimde neler yaşandığı konusunda ortaokulda görevli Fen Bilimleri öğretmenlerinin deneyimlerini derinlemesine anlamaya çalışılması amaçlanmıştır. Bu nedenle araştırma, nitel araştırma yöntemlerinden olgubilim deseni ile yürütülmüştür. Araştırmaya Türkiye’nin çeşitli bölgelerindeortaokullarda görev yapan Fen Bilimleri öğretmenleri katılmıştır. Veriler, yarı yapılandırılmış görüşme formu ile “googledrive” üzerinden toplanmıştır. Verilerin analizinde içerik analizi yöntemi kullanılmış, yer yer görüşlerden direk alıntılar yapılarak yorumlamalara gidilmiş, bulgular, bu doğrudan alıntılarla desteklenmiştir. Analiz sonucunda COVID-19 pandemisi öncesinde Fen Bilimleri öğretmenlerinin pandeminin ne olduğunu bilmedikleri ortaya çıkmıştır. Uzaktan eğitim sürecinde internet bağlantısı, öğrencilerle iletişim kurma, öğrencilerin derslere katılım oranının düşük olması ve okul yönetimininbaskısına maruz kalma gibi problemlere sahip oldukları tespit edilmiştir. Bunun yanında uzaktan eğitim sürecinde derste kullandıkları öğretim yöntem ve tekniklerin yanında, kullandıkları materyallerinin değiştiği, uzaktan eğitim ile öğretim programını ve laboratuvar/ atölye etkinliklerini tamamlayamama gibi kaygılara da sahip oldukları görülmüştür. Yine pandemi olayının eğitim teknolojileri kullanımını ve mesleki gelişimlerini çoğunlukla olumlu yönde etkilediği belirlenmiştir. Bu süreçte öğretmenlerin öğrencilerde oluşabilecek bilgi eksiklikleri nedeniyle kaygılı oldukları, uzaktan eğitim sürecinde kendilerini yetersiz hissettikleri, buna rağmen kendilerini geliştirme fırsatı yakaladıkları sonucuna ulaşılmıştır. Araştırma sonuçları doğrultusunda önerilerde bulunulmuştur.",https://doi.org/10.7827/turkishstudies.43502,https://doi.org/10.7827/turkishstudies.43502,2020-01-01
Coronavirüs (Covid-19) pandemisi ve pedagojik yansımaları: Türkiye’de açık ve uzaktan eğitim uygulamaları,,https://dergipark.org.tr/tr/pub/auad/issue/55662/761354,,2020-04-30
COVID-19 PANDEMİ DÖNEMİNDEKİ UZAKTAN EĞİTİME İLİŞKİN PAYDAŞ GÖRÜŞLERİNİN İNCELENMESİ,"Bu çalışmanın genel amacı, COVID-19 kaynaklı olarak yaşanan pandemi sürecinde Türkiye’de uygulanan uzaktan eğitim sürecine ilişkin çeşitli paydaşların (İl Milli Eğitim Müdürlüğü yetkilileri, okul yöneticileri, öğretmenler, okul psikolojik danışmanları, öğretim üyeleri, öğrenciler, veliler) sorunlara ve çözüm önerilerine yönelik görüşlerini incelemektir. Çalışma nitel araştırma yöntemlerinden görüşme yöntemi ile gerçekleştirilmiş olup, fenomenolojik (olgubilimsel) desene dayalı olarak tasarlanmıştır. Araştırma kapsamındaki veriler yarı yapılandırılmış görüşme formları kullanılarak toplam 137 paydaştan elde edilmiştir. Araştırmadan elde edilen veriler içerik analizi tekniği ile analiz edilmiştir. Çalışma sonucunda paydaşların uzaktan eğitimin avantajlarına yönelik görüşlerinin çoğunlukla zaman ve mekândan bağımsız olması, derslerin defalarca izlenebilmesi, pandemi döneminde eğitim ihtiyacının karşılanabilirliği, hastalığın bulaşmasına yönelik korunma, teknolojinin eğitim içerisindeki önemi ve teknolojik beceri geliştirilmesi şeklinde olduğu görülmektedir. Uzaktan eğitimin çoğunlukla belirtilen dezavantajları motivasyon kaybı, ölçme ve değerlendirmenin olmaması, internet ve bilgisayar gibi kaynakların yetersizliği, eğitimde fırsat eşitsizliği oluşturması, iletişim ve etkileşim yetersizliği, teknik problemler, sosyalleşme yetersizliği ve uzaktan eğitim sürecine hazırlıksız olma durumları ile ilgilidir. Paydaşların çözüm önerileri çoğunlukla süreçte ölçme ve değerlendirilmenin yapılması, fırsat eşitliğinin oluşturulması, derse katılım ve etkileşimin artırılması, altyapının güçlendirilmesi, öğrencilerin kendi öğretmenleriyle ders yapması ve ders sayılarının azaltılması şeklindedir.",https://dergipark.org.tr/tr/download/article-file/1265175,https://doi.org/10.37669/milliegitim.788118,2020-12-09
İçerik Analizi Tekniği: İletişim Bilimlerinde ve Sosyolojide Doktora Tezlerinde Kullanımı,"İçerik analizi; nesnel, ölçülebilir, doğrulanabilir bilgilere ulaşmak amacıyla doküman, metin ve evrak gibi pek çok farklı materyali belli kurallar dahilinde (örnekleme, kodlama, kategori vs.) analiz etmeyi amaçlayan nitel araştırma yöntemi içerisinde yer alan bir tekniktir. Çalışmanın amacı sosyoloji ve iletişim bilimleri alanlarında içerik analizi tekniğinin anlaşılması ve uygulamasında ne tür benzerlik ve farklılıkların olduğunu belirlemektir. İçerik analizinin ne olduğu, hangi türlerinin bulunduğu, analizin tamamlanabilmesi için hangi aşamalardan geçilmesi gerektiği üzerinde durulmaktadır. Bu amaç doğrultusunda iletişim bilimleri ve sosyoloji alanında içerik analizi tekniği kullanılarak hazırlanan doktora tezlerinin yöntem bölümü içerik analizi tekniği kullanılarak incelenmektedir. 2013-2021 yılları arasında sosyoloji ve iletişim bilimlerinde hazırlanan otuz iki doktora tezi olduğu tespit edilmiştir. Sosyoloji alanında sekiz doktora tezi, iletişim bilimleri alanında ise sekiz doktora tezi olmak üzere toplam on altı doktora tezi araştırmanın örneklemini oluşturmaktadır. Elde edilen bulgulara bakıldığında iletişim bilimleri alanında hazırlanan tezlerin içerik analizini yardımcı bir teknik olarak kullanılmadığı, kategori ve kod oluşturmaya özen gösterildiği tespit edilmiştir. Sosyoloji alanında hazırlanan doktora tezlerinde ise içerik analizi tekniği çoğunlukla yardımcı bir teknik olarak kullanılmıştır.",https://dergipark.org.tr/tr/download/article-file/2864527,https://doi.org/10.18037/ausbd.1227356,2022-12-31
iLIR,"Macroautophagy was initially considered to be a nonselective process for bulk breakdown of cytosolic material. However, recent evidence points toward a selective mode of autophagy mediated by the so-called selective autophagy receptors (SARs). SARs act by recognizing and sorting diverse cargo substrates (e.g., proteins, organelles, pathogens) to the autophagic machinery. Known SARs are characterized by a short linear sequence motif (LIR-, LRS-, or AIM-motif) responsible for the interaction between SARs and proteins of the Atg8 family. Interestingly, many LIR-containing proteins (LIRCPs) are also involved in autophagosome formation and maturation and a few of them in regulating signaling pathways. Despite recent research efforts to experimentally identify LIRCPs, only a few dozen of this class of-often unrelated-proteins have been characterized so far using tedious cell biological, biochemical, and crystallographic approaches. The availability of an ever-increasing number of complete eukaryotic genomes provides a grand challenge for characterizing novel LIRCPs throughout the eukaryotes. Along these lines, we developed iLIR, a freely available web resource, which provides in silico tools for assisting the identification of novel LIRCPs. Given an amino acid sequence as input, iLIR searches for instances of short sequences compliant with a refined sensitive regular expression pattern of the extended LIR motif (xLIR-motif) and retrieves characterized protein domains from the SMART database for the query. Additionally, iLIR scores xLIRs against a custom position-specific scoring matrix (PSSM) and identifies potentially disordered subsequences with protein interaction potential overlapping with detected xLIR-motifs. Here we demonstrate that proteins satisfying these criteria make good LIRCP candidates for further experimental verification. Domain architecture is displayed in an informative graphic, and detailed results are also available in tabular form. We anticipate that iLIR will assist with elucidating the full complement of LIRCPs in eukaryotes.",https://www.tandfonline.com/doi/pdf/10.4161/auto.28260?needAccess=true,https://doi.org/10.4161/auto.28260,2014-02-26
Öz-Düzenleme Ölçeğinin Türkçe Uyarlaması: Geçerlik ve Güvenirlik Çalışması,"This study aims to adapt the Self-regulation Questionnaire, developed by Brown, Miller and Lawendowski (1999) in order to measure behavioral self-regulation, into Turkish and test its validity and reliability. The study group of the research consisted of 591 students at Gazi University, Faculty of Education. First, the Turkish adaptation of the questionnaire was completed and then the relevant statistical analyses for the validity and reliability of the questionnaire were carried out. The exploratory factor analysis for evidence of the structural validity of the questionnaire resulted in a three-factor questionnaire consisting of 51 items. An items analysis, based on the difference between the bottom and top group averages, was also carried out for evidence of the validity of the items. The internal consistency factor - Cronbach alpha value (α) calculated to test the reliability of the questionnaire -was found to be .87. The findings suggest that the Turkish adaptation of the questionnaire is valid and reliable, and can be used in Turkey.",https://dergipark.org.tr/en/download/article-file/160519,https://doi.org/10.19128/turje.181073,2015-01-20
Ölçek Geliştirme Çalışmalarında Kullanılan Kapsam Geçerliği İçin Bir Yol Haritası,"Bu çalışmanın amacı kapsam geçerlik oranları ve kapsam geçerlik indeksi tanıtılarak kapsam geçerlik çalışmalarının ne şekilde yapılabileceği ile ilgili çalışmacılara bir yol haritası sunmaktır. Yol haritası, örnek bir çalışma üzerinden, Lawshe (1975) tarafında geliştirilen teknik ile Ayre ve Scally (2014) tarafından belirtilen ölçütler dikkate alınarak verilmiştir. Örnek çalışmaya 26 uzman katılmıştır. Veri toplama aracı olarak 66 maddenin sorgulandığı “Uzman Formu” kullanılmıştır.",https://dergipark.org.tr/en/download/article-file/459092,https://doi.org/10.17556/erziefd.297741,2018-03-27
COVID-19 PANDEMİ SÜRECİNE YÖNELİK GENEL BİR DEĞERLENDİRME: TÜRKİYE ÖRNEĞİ,"Dünya Sağlık Örgütü Çin Ülke Ofisi, 31 Aralık 2019 tarihinde, Çin’in Hubei eyaletinin Vuhan şehrinde, sebebi o an için bilinmeyen zatürre vakaları bildirmiş ve 5 Ocak 2020 tarihinde ise, daha önce insanlarda tespit edilmemiş yeni bir coronavirüs tanımlanmıştır. Başlangıçta 2019-nCoV olarak ifade edilen bu hastalık, daha sonra Covid-19 olarak adlandırılmış ve Çin’de ortaya çıktıktan sonra, üç ay gibi kısa bir süre içerisinde tüm dünyayı etkisi altına almıştır. 12 Mart 2020 itibariyle Dünya Sağlık Örgütü tarafından pandemi olarak ilan edilen Covid-19 salgını; fiziksel, ruhsal ve sosyal olarak dünya insanlığını tehdit etmeye devam etmektedir. Dünya Sağlık Örgütü verilerine göre; 12 Mayıs 2020 itibariyle, dünya genelindeki Covid-19 kaynaklı vaka sayısının 4 milyon 88 bin 848’e ulaştığı, ölüm sayısının ise 283 bin 153 olduğu görülmektedir. Türkiye’de ise ilk olarak 11 Mart 2020 tarihinde görülen Covid-19 vakasından 12 Mayıs 2020 tarihine kadar geçen süre zarfında; toplam vaka sayısı 141 bin 475 iken, Covid-19 kaynaklı toplam ölüm sayısı ise 3 bin 894 olarak belirtilmektedir. Bu çalışmanın amacı; güncel veriler ve literatür ışığında, Covid-19 pandemisini genel olarak değerlendirmek ve pandemi sürecinin, dünyadaki diğer ülkelerle birlikte Türkiye’deki etkisini de dikkate alarak, çıkarımlarda bulunmaktır.",https://dergipark.org.tr/tr/download/article-file/1107760,https://doi.org/10.35375/sayod.738657,2020-05-17
Öğretmenlik Mesleği ve Özellikleri,"İnsanlar, “öğretmen” kavramına pek çok anlam yüklüyorlar. Bazı anlamlar, daha çok, öğretmen rolü oynayan insanların duygusal olmayan, doğrusal betimlemelerini ve onlardan yerine getirmeleri beklenen görevlerin teknik betimlemelerini yansıtıyor. Yüklenen diğer anlamlar, kendilerini öğretmen olarak adlandıran insanların ve onların yaptıkları işlerin çok daha canlı, sıcak ve çok boyutlu bir anlayışla ele alınmasına dayanıyor. Anlamı- nın zenginliğini ve önemini açığa çıkarmak için, kişinin, &amp;quot;öğretmen” kavramını irdelemesi yeterlidir. Son yıllarda, öğretmen modeli, giderek artan bir şekilde reformcular ve basın tarafından, zeki, liberal bir eğitim görmüş, sosyal hayata önem veren bir profesyonel olarak tanımlanmaktadır. Bu öğretmen modeli, bir ya da daha fazla bilim dalına sıkı sıkıya bağlı- dır ve öğrenciler için bilginin erişilebilir ve faydalı olması için zekice çalışır. Bu tip öğretmenin oluşturduğu imaj, ihtiyaçları, yetenekleri veya koşulları ne olursa olsun, bütün öğ- rencilerin başarılı olmasına yardım eden bir insan portresine uymaktadır. Çok açıktır ki, insanlar, öğretmenlerde içeriği aktarma ve öğrencilere beceri kazandırma yeteneklerinden daha fazlasını aramaktadırlar. Öğretmenler, sözleri ve hareketleri yoluyla, aydınlanmış, çalışkan, erdemli ve eğitimli bir insan olmanın ne anlama geldiğini göstermektedirler. Öğ- retmenler, toplumun bu izlenimi doğrultusunda hem öğrencileri şekillendirmekte hem de kendileri şekillenmektedir",https://dergipark.org.tr/tr/pub/erusosbilder/issue/25118/265225,,2005-12-01
Nitel Araştırmacılar için 30 Temel Beceri,"Dizinler Scopus LISA (Library and Information Science Abstracts) EBSCOHOST-LISTA (Library, Information Science & Technology Abstracts) TÜBİTAK-ULAKBİM Sosyal Bilimler Veri Tabanları DOAJ (Directory of Open Access Journals) E-Lis (E-Prints in Library and Information Science) ASOS Index",https://bd.org.tr/index.php/bd/article/download/11/10,https://doi.org/10.15612/bd.2019.786,2019-12-26
Eğitim ve Bilim Dergisinde Yayınlanan Araştırmaların Eğilimleri: İçerik Analizi,"The aim of this study is to perform a content analysis of the articles published in TED Education and Science Journal and in this way to define the trends of the articles published in the journal. In the study, a total of 492 articles selected by purposive sampling method were analyzed. For the selection of articles, it was considered that the articles were of the articles published in issues between 2007 and 2013 when the issue of the journal was scanned by SSCI. ""Publishing Classification Form"" was used for the analysis of the articles determined within this scope. By making content analysis, articles were analyzed to include the aspects such as defining information about the identity of the article, its field, its subject, method, data collection tools, sampling, data analysis methods, and discussions and recommendations. The obtained data was interpreted in a manner based on the percentage and frequency and they were also represented with tables and graphics. Based on the obtained data it was found out that more publications are made by scientists working in larger and great universities like Hacettepe, Ankara and Gazi University. Furthermore, it was identified that most of the publications are on fields such as educational programs and teaching, educational administration, mathematics and science education. In the study where publications based on quantitative and descriptive survey researches were identified as the most common publication type, it was found that attitude, perception, and personality tests were used as data collection tool. It was seen that the studies concentrated in the sampling range of 301-1000 persons at the undergraduate level. For the analysis of data it was found that descriptive analysis were made more commonly and Anova and T-test analysis were also used in the studies intensively. Publication trend of TED Education and Science Journal, and its framework to contribute scientific studies will be developed by following history, profile and trends of the publication based on the present analysis.",http://egitimvebilim.ted.org.tr/index.php/EB/article/download/3278/720,https://doi.org/10.15390/eb.v39i173.3278,2014-04-17
Nitel Araştırmada Geçerlik ve Güvenirlik: Kuramsal Bir İnceleme,"Öz: Bu çalışmanın amacı, nitel araştırma geleneği",https://doi.org/10.23891/efdyyu.2018.61,https://doi.org/10.23891/efdyyu.2018.61,2018-02-01
LISREL ve AMOS Programları Kullanılarak Gerçekleştirilen Yapısal Eşitlik Modeli (YEM) Analizlerine İlişkin Sonuçların Karşılaştırılması,"This study aimed to compare the analysis results obtained through LISREL and AMOS for the models of path analysis, Confirmatory Factor Analysis (CFA) and structural regression, which are within structural equation model and differ in levels of fit. Therefore, population and sample were not needed in the study. The study was conducted on three different data sets that reflected the models through a data file. The data set used in the path analysis was determined to reflect a low fit model, while the one used in CFA was determined to reflect an acceptable fit model. However, the data set used in the structural model reflected a good fit. In this way, it was believed that it would be possible to find an answer to the question of whether the differences in the fit indexes obtained through LISREL and AMOS were affected by the fit level of the model analyzed. The analysis results indicated that the fit indexes obtained through LISREL and AMOS were substantially similar in the data set that reflected a good fit. The differences in the fit indexes obtained through these two software packages were found to be larger in the model that reflected a low fit between the model and the data set. It was also found that this difference was remarkable, particularly in χ2/sd, NNFI and RFI indexes. These results indicate that the differences in the fit indexes reported by LISREL and AMOS are affected by the fit level of the model",https://dergipark.org.tr/en/download/article-file/66000,https://doi.org/10.21031/epod.31126,2014-12-19
"Küreselleşme, Bilgi Toplumu ve Eğitim","The aim of this study is to analyze the thoughts previously discussed on globalization, information society, education and handle experienced changes in the light of last developments. In this context, we focused on globalization, the positive and negative aspects of globalization, information society, the changes took place in educational process, subjects of educational programs, school, school administrators, teachers and students and their reflections to education were discussed",https://dergipark.org.tr/tr/download/article-file/509194,https://doi.org/10.1501/egifak_0000000097,2005-01-01
COVID-19 Pandemisinin Sosyal Yaşam ve Etik Düzlem Üzerine Etkileri: Bir Değerlendirme Çalışması,"Dünya genelinde yaygın bir pandemi oluşturan COVID-19 salgını yaşamı ciddi anlamda tehdit etmeye devam etmektedir. Aslında beklenmeyen bir zamanda, Aralık 2019’da Çin’in Hubei eyaleti Wuhan kentinden başlayan bu hastalık hakkında var olan bilgiler her gün değişirken, hastalığın hızlı bulaşma şekli, hasta ve ölüm sayılarının sürekli artması sebebiyle var olan panik ve endişe bir tür korkuya dönüşmüş durumdadır. Makalemizi yazdığımız sırada geçen 4 ay içerisinde COVID-19 hakkında literatüre kazandırılan ve çoğunlukla bilimsel verilere dayandırılan makaleler, hastalık hakkında doğru bilgilenmenin sağlanmasına yardımcı olmaktadır. Bu nedenle makalenin belirtilen amaca yönelik hazırlanmasına özen gösterilmiştir. Hastalığın farklı seyreden klinik prognozu, görüldüğü yaş grupları ve yayılışı dikkate alındığında; konunun sadece tıbbi boyutla sınırla kalmayacağı, sosyokültürel, etik ve ahlâk, hukuk, eğitim, turizm, ekonomi, tarım, halk sağlığı açısından olumsuz bazı etkileri olabileceği tahmin edilebilir. Çıkış noktası burası olan bu makalede, internet üzerinden doğruluk payı fazla olan haber kaynaklarına ve bilimsel literatüre dayalı olarak, COVID-19 pandemisinin sosyal yaşam ve etik düzlemi etkileyen olumsuzluklarını inceleyen ve değerlendiren bir içeriğe yer verilmiştir. Hastalığın ilk etki dalgasındaki durumunu özetleyen bu tür makalelerin COVID-19’un ortaya çıkardığı tıbbi ve sosyal sorunların doğru algılanacağına ve yeni çalışmalara kaynak teşkil edeceğine inanıyoruz.",https://dergipark.org.tr/tr/download/article-file/1072867,https://doi.org/10.21673/anadoluklin.721864,2020-03-20
Koronavirüs Anksiyete Ölçeği Kısa Formu: Türkçe Geçerlik ve Güvenirlik Çalışması,"Küresel bir pandemiye yol açan Yeni Tip Koronavirüs Hastalığı (COVID-19) milyonlarca insanın enfekte olmasına ve yüzbinlerce insanın da ölümüne yol açmıştır. COVID-19 insanların büyük bir bölümünde ve vakaların yakın çevrelerininde ciddi bir kaygı yaratmıştır. COVID-19 pandemisiyle ilgili çok sayıda araştırma yapılmakla birlikte pandeminin yarattığı kaygıyı dikkate alan sınırlı çalışmaların olduğu görülmekktedir. Bu çalışmada Sherman A. Lee (2020) tarafından COVID-19 kriziyle ilişkili olası disfonksiyonel anksiyete vakalarını tanımlamak için kısa bir ruh sağlığı taraması olan Koronavirüs Anksiyete Ölçeği (KAÖ)’nin Türkçe geçerlik ve güvenirlik analizlerini gerçekleştirmek amaçlanmıştır. Çalışma kapsamında 467 yetişkin bireye ulaşılmıştır. Çalışma kapsamında 5 maddelik kısa ölçek optimal güvenilirlik ve geçerlilik göstermiştir. Ölçeğin geçerlilik çalışmaları için açıklayıcı ve doğrulayıcı faktör analizleri, güvenilirlik çalışmaları için ise iç tutarlılık analizleri yapılmıştır. Elde edilen sonuçlara göre, geçerlilik ve güvenirlik çalışması yapılan KAÖ tek boyutlu ve beş sorudan oluşan orijinal ölçek ile aynı özellikler göstermektedir. Gerçekleştirilen bu çalışma ile literatüre geçerli ve güvenilir bir KAÖ kazandırıldığı düşünülmektedir. Bu çalışma koronavirüsün yarattığı anksiyetinin ölçülmesinde ve toplum ruh sağlığının geliştirilmesinde gelecekte araştırmalara referans olabileceği düşünülmektedir.",https://dergipark.org.tr/tr/download/article-file/1115967,https://doi.org/10.21673/anadoluklin.731092,2020-03-20
Türkçe öğretmeni adaylarının uzaktan eğitime yönelik görüşleri,"Teknoloji alanında son yıllarda yaşanan gelişmeler, birçok disiplin gibi eğitimi de etkilemektedir. Bu gelişmeler sonucunda ortaya çıkan kavramlardan biri uzaktan eğitimdir. Televizyon, bilgisayar, tablet, cep telefonu gibi araç gereçler vasıtasıyla, fiziki etkileşim olmadan eğitim öğretim faaliyetlerinin yürütülmesi olarak tanımlanan uzaktan eğitim, geleneksel eğitimle kıyaslandığında birtakım farklılıklara sahiptir. Her yaş ve meslekten geniş bir kitleye hitap edebilme, zaman ve mekân yönünden sınırlamalara bağlı kalmaması, bireysel öğrenme niteliklerine göre şekillenebilmesi ve çoklu ortam araçlarının kullanımına izin vermesi gibi özellikleri bakımından uzaktan eğitim, yüz yüze yapılan eğitimden ayrışmaktadır. Birçok avantajı bulunmasına rağmen dikkat dağınıklığı riskinin fazla olması, teknik aksaklıkların muhtemel olması, sistem için gerekli altyapı ve teknik araç maliyetlerinin fazla olması gibi dezavantajları vardır. 2020 yılının ilk aylarında görülmeye başlayan ve giderek tüm dünyayı etkisi altına alan Koronavirüs salgını, eğitim-öğretim faaliyetlerini büyük oranda değiştirmiştir. Dünya genelinde olduğu gibi Türkiye’de de ilköğretim, ortaöğretim ve yükseköğretim olmak üzere bütün eğitim kademelerinde uzaktan eğitime geçilmiştir. Bu noktada yeni uygulanmaya başlanan uzaktan eğitim yönteminin öğrenciler açısından ne derece verimli olduğunun araştırılması önemli hâle gelmiştir. Bu çalışmanın amacı, Türkçe eğitimi sürecinin uygulayıcı olmak üzere yetiştirilen Türkçe öğretmeni adaylarının uzaktan eğitim sürecine ilişkin görüşlerini ortaya çıkarmaktır. Çevrimiçi ortamda Türkçe öğretmeni adaylarına sunulan uzaktan eğitimin öğretmen adayların temel dil becerilerine katkısı, yaşanan teknik sorunlar, bu eğitim yönteminin verimliliği vb. hususlarına ilişkin görüşler, tespit edilmek istenmiştir. Araştırmanın çalışma grubunu İstanbul’da bulunan bir devlet üniversitesinin Türkçe Öğretmenliği Ana Bilim Dalı’nda eğitim gören Türkçe öğretmen adayları oluşturmaktadır. Araştırma verileri, araştırmacılar tarafından oluşturulan anket aracılığıyla Google Forms üzerinden toplanmıştır. Elde edilen veriler, içerik analiziyle çözümlenmiştir. Türkçe öğretmeni adaylarının bakış açısıyla uzaktan eğitim sürecinin daha verimli kılınması adına birtakım öneriler geliştirilmiştir.",https://dergipark.org.tr/tr/download/article-file/1149233,https://doi.org/10.29000/rumelide.752297,2020-06-12
DEFEATING COMMUNIST INSURGENCY: THE LESSONS OF MALAYA AND VIETNAM,"Sir Robert Thompson, 1916-1992 yılları arasında yaşamış İngiliz askeri subayı ve ayaklanmalara karşı koyma uzmanıdır. Alanında birçok çalışma gerçekleştirmiş olan Thompson, Mao Zedong’un kır gerillası ayaklanma tekniği üzerinde dünyanın önde gelen uzmanlarından biri olarak anılmaktadır. Kitabın önsözünde Thompson, Malaya’da 1948-1960 yılları arasında kaldığı süreçte “Malayan Emergency” olarak bilinen olağanüstü hal döneminde görev aldığı İngiliz İstişâri Misyonu yöneticisi pozisyonu dolayısıyla kişisel tecrübelerini anlatacağından bahsetmektedir. 15 bölümü bulunan kitapta; Malaya’da gerçekleşen olağanüstü hal ortamı, komünist ideolojinin yayılması süreci, ayaklanma süreci, ayaklanmalara karşı koyma prosedürünün temel ilkeleri, hükümetin etkisi, idari yapı, istihbarat alanı, dönemin bilişim hizmetleri, güçler dengesi, temel operasyon konsepti, stratejik köyler –hamlets-, gerillanın izole edilme süreci, orman ve hudut alanı, içerisinde bulunduğu danışmanlık rolü ve son olarak durumun genel değerlendirmesinin yapıldığı bölümlerden oluşmuştur.",https://dergipark.org.tr/tr/download/article-file/1099861,https://doi.org/10.28956/gbd.736187,2020-05-12
Araştırma eğitimi,,https://dergipark.org.tr/tr/download/article-file/805979,https://doi.org/10.1501/egifak_0000000399,1994-01-01
COVİD-19 SÜRECİNDEKİ UZAKTAN EĞİTİME İLİŞKİN ÖĞRETMEN GÖRÜŞLERİNİN İNCELENMESİ,"Bu araştırmada, Covid 19 sürecinde ilkokuldaki uzaktan eğitim faaliyetlerine ilişkin öğretmen görüşlerinin incelenmesi amaçlanmaktadır. Araştırma, nitel araştırma desenlerinden durum çalışması olarak tasarlanmıştır. Araştırmada veri toplama aracı olarak yarı yapılandırılmış görüşme tekniği kullanılmıştır. Elde edilen veriler içerik analizi ile analiz edilmiştir. Çalışmada tipik durum örnekleme yöntemi kullanılmıştır. Araştırmanın çalışma grubu, farklı ilkokullarda görev yapan 44 öğretmen oluşturmaktadır. Araştırma sonuçlarına göre öğretmenler Covid-19 sürecinde uzaktan eğitime hazırlık yapma, öğrencilerle paylaşımda bulunma, çevrimiçi ders verme, veli ve öğrencilerle iletişime geçme ve öğrencileri izleme gibi eğitim faaliyetlerini gerçekleştirmişlerdir. Öğretmenler, uzaktan eğitim faaliyetlerini bilgisayar, internet, iletişim araçları ve çeşitli mesajlaşma programlarından yararlanarak, veli ve öğrencilerle iletişime geçerek, öğrencileri yönlendirip takip ederek, EBA ve çeşitli çevrim içi platformları kullanarak gerçekleştirmişlerdir. Uzaktan eğitim faaliyetlerini memnun edici, elverişsiz ve sınırlı olmak üzere üç faklı şekilde değerlendirmişlerdir. Uzaktan eğitim faaliyetlerinde alt yapı, katılım, planlama, haberleşme, belirsizlik ve EBA platformu ile ilgili sorunlarla karşılaşmışlardır. EBA platformunun alt yapısı, sürece hazırlık, sürecin planlaması, eğitimde kullanılan içerikler ve faaliyetlerin uygulanması ile ilgili önerilerde bulunmuşlardır.",https://dergipark.org.tr/tr/download/article-file/1222009,https://doi.org/10.37669/milliegitim.775620,2020-12-08
COVID-19 Pandemi Döneminde Türkiye’deki Üniversitelerin Uzaktan Eğitim Sistemlerinin İncelenmesi,"Bu araştırmanın amacı, Covid-19 pandemisi döneminde Türkiye’deki üniversitelerin acil uzaktan eğitime geçişte yaptıkları çalışmaları incelemektir. Araştırmada tarama modeli kullanılmıştır. Araştırma evrenini Türkiye’deki tüm üniversiteler (208 üniversite) oluşturmaktadır. Her bir üniversite ile ilgili veriler üniversitelerin acil uzaktan eğitim sürecinde görevli kişilerden (UZEM’de ve Bilgi İşlem Dairesi’ndeki görevliler vb.) edinilmiştir. Araştırmada tüm evrene erişilmeye çalışılmış ancak 33 katılımcıya (üniversiteye) ulaşılabilmiştir. Araştırmanın verileri bir çevrimiçi anket formu (Google Form) ile toplanmıştır. Araştırmadan elde edilen bulgulara göre en çok kullanılan öğrenme yönetim sistemleri Moodle ve ALMS’dir. Üniversiteler tarafından en çok kullanılan canlı ders yazılımlarının Big Blue Button ve Perculus olduğu görülmüştür. YÖK’ün derslerin senkron işlenmesini tavsiye etmesine rağmen tüm derslerini senkron olarak yürütebilen üniversite sayısı sadece 6’dır. Üniversitelerin çoğu daha önce kurulu olan öğrenme yönetim sistemi (f=29) ve canlı ders yazılımı (f=24) üzerinden süreçleri yönetmeye çalışmışlardır. Üniversitelerin yaklaşık yarısı öğrencilerin ders devam takibini yapmıştır. Katılımcılar, uzaktan eğitime hazırlık sürecinde öğretim elemanlarının eğitimini en çok zorlandıkları durum olarak belirtmişlerdir.",https://dergipark.org.tr/tr/download/article-file/1187187,https://doi.org/10.17522/balikesirnef.743080,2020-06-30
"Metaforlar: Hayat, Anlam ve Dil","Otuz kısımdan oluşan eserin başlıklarışu şekildedir: 1. Beraber Yaşadığımız Kavramlar, 2. Metaforik KavramlarınSistematiği 3. Metaforik Sistematik: Vurgulamak ve Gizlemek, 4. YönelimMetaforları 5. Metafor ve KültürelTutarlılık, 6. Ontolojik Metaforlar, 7. Kişileştirme, 8. Metonimi, 9. MetaforikTutarlılığa Meydan Okumalar 10. Bazı İlave Örnekler 11. Metaforik YapılaşmanınKısmi Doğası 12. Kavram sistemimiz Nasıl Temelleniyor? 13.Yapı MetaforlarınınTemellenmesi, 14. Nedensellik: Kısmen Yeni Ortaya Çıkan ve Kısmen Metaforik,15. Tutarlı Tecrübe Yapılanması, 16. Metaforik Tutarlılık, 17. Metaforlararasındaki Kompleks Tutarlılıklar 18. Kavramsal Yapı Teorilerinin BazıSonuçları, 19. Tanımlama ve Anlama, 20. Metafor Forma Nasıl Anlam Verebilir?21. Yeni Anlam, 22. Benzerliğin Yaratılması, 23. Metafor, Doğru ve Eylem, 24.Doğru, 25. Objektivizm ve Sübjektivizm Miti, 26. Batı Felsefesi veLinguistiğinde Objektivizm Miti, 27. Metafor, Objektivizm Mitinin KusurlarınıNasıl İfşa Eder? 28. Subjektivizm Mitinin Bazı Yetersizlikleri 29. TecrübeciAlternatif: Eski Mitlere Yeni Anlamlar Vermek, 30. Anlama.",https://dergipark.org.tr/en/download/article-file/316079,https://doi.org/10.29110/soylemdergi.313312,2017-06-19
Turkish Education During Covid-19 Pandemic Distance Education Process,"Bu çalışma Covid-19 pandemi uzaktan eğitim sürecinde Türkçe eğitiminin durumunu tespit etmek ve bu konuda Türkçe öğretmenlerinin görüşlerini ortaya koymak amacıyla yürütülmüştür. Araştırmaya Antalya merkez ilçelerinden 30 Türkçe öğretmeni katılmıştır. Türkçe öğretmenlerine uzman görüşleri doğrultusunda geliştirilen yarı yapılandırılmış görüşme formu ile sorular yöneltilmiştir. Ülkemizde sık sık depremler yaşanmakta ve şu sıralarda yaşanılan salgın hastalıklar gibi nedenlerle okulların tatil edilmesi, eğitime ara verilmesi gerektiği durumlarda eğitim sistemimizin durumunun test edilebilmesi, bu tür durumlarda yaşanabilecek aksaklıkların ve sorunların tespit edilerek uzaktan eğitim süreçlerinin daha sağlıklı yürütülebilmesi adına bu çalışmada tespit edilen sonuçlar oldukça önemlidir. Araştırmaya katılan Türkçe öğretmenlerinin %87’sinin okulların tatil edildiği pandemi döneminde Türkçe derslerini işlemeye çalıştığı, öğrencilerin Türkçe eğitiminden kopmamaları için imkânlar dâhilinde çeşitli video ders programlarını kullanarak, çeşitli sosyal mesajlaşma uygulamalarını kullanarak öğrenciler ve öğrenci velileri ile iletişim halinde oldukları, Türkçe derslerini işlemeye çalıştıkları anlaşılmıştır. Araştırmaya katılan öğretmenler öğrencilerin bir kısmında bilgisayar, tablet gibi cihazların olmayışından canlı derslere katılamadıklarını ifade etmiştir. Eba canlı ders uygulamasının bağlantı sorunları olması, zaman sınırlaması olması gibi çeşitli aksaklıklarının olduğunu ifade eden katılımcılar bu olumsuzlukların zaman içinde azaldığını ifade etmiştir. Türkçe öğretmenleri velilerin bir kısmının bu süreçte ilgisiz olduğunu, öğrencileri bilgisayar başındayken takip etmediklerini, özellikle her ikisi de çalışan velilerin çocuklarının süreç için kontrolsüz kaldığını ifade etmiştir. Bu sürecin bazı öğrencilerde ekran bağımlılığı oluşmasına neden olduğunu ifade eden öğretmenler velilerin de bu konuda eğitilmesi gerektiğini belirtmiştir. Türkçe öğretmenleri öğrencilerin derslere katılım düzeylerinin istenilen seviyede olmadığını ifade etmiştir. Araştırmaya katılan Türkçe öğretmenleri Türkçe ders kitaplarının eba eğitim ağıyla etkileşimli olması gerektiğini, ders kitabı içeriğinin dijital içerikler bağlamında düzenlenmesinin faydalı olacağını ifade etmiştir. Ayrıca Türkçe öğretmenlerinin dijital içerik geliştirme konusunda eğitim almalarının faydalı olacağı ifade edilmiştir. Eba eğitim ağının tüm öğrencilerin aynı anda ve istedikleri saatte faydalanabileceği şekilde alt yapısının güçlendirilmesi gerektiği belirtilmiştir. Türkçe öğretmenleri öğrencilerin kitap okuma ilgilerini arttıracak dijital uygulamaların ve öykülerin geliştirilmesinin faydalı olacağını dile getirmiştir.",https://doi.org/10.7827/turkishstudies.44460,https://doi.org/10.7827/turkishstudies.44460,2020-01-01
Nitel Araştırma Yöntemi Olarak Fenomenolojik Yaklaşımın Kapsamı ve Sürecine Yönelik Bir Derleme,,https://dergipark.org.tr/tr/pub/uobild/issue/58856/813813,,2020-12-29
DEVLETLER HUSUSİ HUKUKU,,https://dergipark.org.tr/tr/pub/iuhfm/issue/9088/113535,,1968-01-01
Empatinin yeni bir modele dayanılarak ölçülmesi ve psikodrama ile geliştirilmesi,"Empati ile ilgili literatürden söz ederken, konuya belli bir empati tanımı vererek girmenin hem zor, hem de bir ölçüde hatalı olacağı, lca-kanısmdayız. Çünkü, hem empati kelimesine verilen anmanı zaman içinde sıkça değişmiştir, hem de günümüzde araştırmacdar “empati” denildiğinde birbirinden farklı şeyler anlamaktadırlar. Hickson (1985) literatürde empatinin yeterince iyi tanımlanmadığını, Iannotti (1975) ise farklı araştırmacıların yaptıkları empati ile ilgili operasyonel tanımlar arasında tutarlılık ■ bulunmaldığını belirtmektedir. Gerçekten de bugün empatiyi, “empati karşısındakinin duygularını anlamaktır” diye tanımlayanların yanı sıra “karşısındakinin duygu ve düşüncelerini anlamaktır” diye tanımlayanlar da vardır, “empati karşısındakinin hissettiklerini hissetmektir” diyenler de bulunmaktadır. Bu tanımlar görünürde birbirlerine benziyorlarsa da, aslında aralarında birtakım temel farklılıklar vardır. En azından, “empati onun anlamaktır” dediğimizde, empatinin bilişsel (cognitive) yönünü, “empati onun gibi hissetmektir” dediğimizde ise duygusal (affective) yönünü vurguluyoruz demektir. Bu şekilde empatinin bilişsel ve duygusal yönlerini vurgulayan tanımlara literatürde sıkça Taşlanmaktadır (Shantz, 1975).",https://doi.org/10.1501/egifak_0000000999,https://doi.org/10.1501/egifak_0000000999,1988-01-01
Late Ottoman Society: The Intellectual Legacy,"Osmanlı İmparatorluğu&#039;nun son dönemininin siyasi ve iktisadi tarihi alanındaki çalışmalar belirli bir olguiıluğa ulaşmış durumdadır. Öte yandan aynı dönemin düşünce ve zihniyet tarihine dair fazla çalışma olduğu söylenemez. Tanıtmaya çalışacağımız bu bildiriler kitabı, Osmanlı toplumunun son dönemindeki fıkriyatını birçok açıdan ele alması bakımından Osmanlı düşünce tarihi çalışmalanna ciddi bir katkıda bulunuyor. 15-17 Mart 2001 tarihleri arasında İstanbul&#039;daki İsveç Araştırma Enstitüsü&#039;nde yapılmış olan &#039;Osmanlı Entellektüel Mirası&#039; başlıklı konferansın bildirilerinden meydana gelen bu kitap, bu alanda önemli çalışmalara imza atmış on tarihçinin katkılarından oluşuyor. Önsözde de belirtildiği üzere İsveç Araştırma Enstitüsü tarafından desteklenen ve U7Un soluklu bir proje olan &#039;İslam kültürü&#039; ana başlıklı konferanslar dizisinin dördüncü halkası (xv). Önceki halkalar ise Aleviler, Nakşibendiler ve Mevleviler başlıklı konferanslardan oluşmaktadır.",https://dergipark.org.tr/tr/pub/oa/issue/10949/130868,,2007-06-01
Gençlerin Sosyal Medya Kullanım Amaçları İle Sosyal Medya Bağımlılığı İlişkisinin İncelenmesi,"This study aims to reveal the relationship between socialmedia usage motives and social media addiction, youths’ major social mediausage motives and their social media usage frequency. According to the resultsof the survey carried out with the participation of 763 university students,the participants mostly use social media for entertainment, communication andkeeping up to date. They use social media least to reach people, forself-presentation and information sharing and to get to know people better.When the relationship between social media usage motives and social mediaaddiction analyzed, it is seen that there is a significant relationship betweensocial media addiction and the following social media usage motives: Making useof spare time, getting to know people better, exchange of views, entertainment,reaching people, self-presentation and information sharing and texting. On theother hand, it is determined that there isn’t any significant relationshipbetween social media addiction and the following social media usage motives:Communication, listening to music, keeping up to date and accessinginformation.",https://dergipark.org.tr/tr/download/article-file/900246,https://doi.org/10.18026/cbayarsos.525652,2019-12-25
Covid-19 süreci ve eğitime yansıması: öğretmen görüşlerinin incelenmesi,"Bu çalışmada Covid-19 sürecinde yürütülen uzaktan eğitimde öğretmenlerin karşılaştıkları sorunları ve öğrencileri motive etme yöntemlerini belirlemek amaçlanmıştır. Bu durumlar eğitim faaliyetlerinin niteliği kapsamında önem arz etmektedir. Nitel araştırma türlerinden fenomenoloji desen tercih edilmiştir. Amaçlı örneklem türlerinden kolay ulaşılabilir örneklem yöntemi kullanılmıştır. Gaziantep merkez ilçelerinde farklı hizmet bölgelerinden 20 öğretmen çalışmanın örneklem grubunu oluşturmuştur. Online yapılan görüşmelerden elde edilen verilerle öğretmenlerin yaşadıkları sorunlar 3 kategoride incelenmiştir. Öğretmenlerin iletişim ile ilgili, velilerle ilgili ve öğrencilerin öğrenmesiyle ilgili sorunlar yaşadıkları belirlenmiştir. Öğretmenlerin öğrencileri motive etme yöntemleri ise 5 kategori altında incelenmiştir. Öğrencileri motive etmek için destekleyici etkinlikler yaptıkları, gelecek için teşvik ettikleri, okulun devam ettiğini hissettirdikleri, sağlık çalışmaları yaptırdıkları ve güzel sözler söyledikleri belirlenmiştir. Öğrencilere ücretsiz internet verilmesi, velileri bilinçlendirici çalışmaların ve öğrencileri motive etme yöntemlerinin yaygınlaştırılması önerilmektedir.",https://dergipark.org.tr/tr/download/article-file/1183555,https://doi.org/10.24289/ijsser.747901,2020-06-30
Dijital Okuryazarlık Ölçeği: Türkçe ’ye Uyarlama Çalışması,"Bu çalışmada Ng tarafında 2012 yılında geliştirilen 17maddeden oluşan “Dijital Okuryazarlık Ölçeğinin” Türkçe ’ye uyarlamasıyapılmıştır. Ölçeğin orijinali 4 faktörlü bir yapıya sahiptir. Bu faktörlertutum, teknik, bilişsel ve sosyal boyutlardan oluşmaktadır. Ölçeğin Türkçe’ yeuyarlama çalışmaları dilsel eşdeğerlik ile başlamış, iyi derecede İngilizce veTürkçe bilen 3 uzman tarafından İngilizce&amp;#039;den Türkçe&amp;#039;ye, farklı 3 uzmantarafından da Türkçe&amp;#039;den İngilizce&amp;#039;ye çevrilmiş, uzmanların görüşleridoğrultusunda Türkçe deneme formu elde edilerek İngilizce ve Türkçe bilen 37akademisyene iki hafta arayla her iki form uygulanmış ve her iki formarasındaki korelasyon katsayıları anlamlı olarak bulunmuştur. Dilseleşdeğerliğin ardından AFA, DFA ve güvenirlik analizleri ile gerçekleştirilmiştir.AFA için 185 öğrenciden elde edilen veriler, DFA için ise farklı 210 öğrencidenelde edilen veriler kullanılmıştır. Birinci düzey DFA ile araştırma grubundakikişi sayısı faktör analizi için yeterli seviyede olduğu, ikinci düzey DFA ile dijital okuryazarlıkörtük değişkenin anlamlı birer yordayıcısı olduğu bulunmuştur. İç tutarlılıkkatsayısı (Cronbach Alpha) ve test tekrar test yöntemleriyle de ölçeğingüvenirliğine bakılmıştır. Elde edilenbulgular sonucunda ölçeğin Türkçe formunun geçerli ve güvenilir bir yapıyasahip olduğu görülmüştür.",https://dergipark.org.tr/en/download/article-file/326304,https://doi.org/10.12984/egeefd.295306,2017-07-07
Uluslararası Çerçevelere Göre 21.Yüzyıl Becerileri ve Eğitim Sisteminde Kazandırılması,"Bu çalışmada öncelikle farklı kurum ve kuruluşlar tarafından çerçevesi çizilen ve bireylerin edinmeleri gerekli 21.Yüzyıl becerileri ortaya konulmuştur. Ardından 21.Yüzyıl becerilerinin eğitim sistemi içinde öğrencilere nasıl kazandırılabileceği incelenmiştir. Bu bağlamda incelenen farklı rapor, doküman ve araştırmalara göre 21.Yüzyıl becerilerinin temel beceriler ve okuryazarlık becerileri boyutlarında güçlü biçimde tartışıldığı görülmüştür. Temel beceriler eleştirel düşünme, problem çözme, yenilikçilik ve yeni fikirler üretme, iş birliği ve iletişim, liderlik, kültürler arası ve küresel farkındalık niteliklerine vurgu yapmaktadır. Okuryazarlık becerileri ise Bilgi ve iletişim teknolojileri (BİT) okuryazarlığı, Bilgi okuryazarlığı, Temel içerik bilgisine ilişkin okuryazarlık (Ana dil, sanat, ekonomi, coğrafya, vatandaşlık, Matematik ve fen okuryazarlığı), sağlık, çevre ve finansal okuryazarlık niteliklerine vurgu yapmaktadır. Bu becerilerin eğitim sistemi içinde kazandırılabilmesine yönelik zihniyet dönüşümü, farkındalık oluşturma, öğretmen niteliklerini geliştirme ve eğitim programlarında düzenlemeler gibi önerilerde bulunulmuştur.",http://www.itobiad.com/en/download/article-file/614964,https://doi.org/10.15869/itobiad.494286,2018-12-30
Fear-Anxiety Levels in Covid-19,"İnsanların yaşamında, alışkanlıklarında olumlu veya olumsuz ani, beklenmedik değişikliklerin korku, kaygı ve endişe duygularını yükseltmesi kaçınılmazdır. Tarihsel süreçte salgınlar, savaşlar, doğal felaketler toplumsal korku, kaygı ve endişenin önemli sebepleri olarak karşımıza çıkmaktadır. Günümüz modern risk toplumları da yüksek can kaybına yol açan ve her geçen yıl bir yenisiyle karşılaşılan salgın hastalıklarla korku ve kaygıyı küresel boyutta yaşamaktadır. Dünya Sağlık Örgütü, 11 Mart 2019 tarihinde, genel adıyla corona virüs sınıfında yer alan Covid-19 virüsünden kaynaklanan hastalığın küresel bir pandemiye dönüştüğünü ilan etmiştir. Covid-19 adlı virüsün sebep olduğu bilinen salgının kısa bir süre içinde tüm dünyada büyük can kayıplarına yol açması, hastalığın bulaşma yolları ve tedavisi konusunda bilim insanları ve sağlık otoritelerinin de henüz yeterli bir bilgiye sahip olmaması, insanlarda hastalığa ilişkin belirsizlik duygusunu güçlendirmektedir. 1 Aralık 2019 tarihinde Çin'in Vuhan şehrinde ortaya çıktığı bilinen ve Türkiye’de 10 Mart 2020 tarihinde ilk vakanın görülmesiyle başlayan Covid-19 salgınının bireylerde yarattığı korku-kaygıyı ve aşıya yönelik algıyı Türkiye ölçeğinde ortaya koymayı hedefleyen çalışma, 20 Mart-10 Nisan 2020 tarihleri arasında farklı sosyo-demografik özelliklere sahip 7 bölgeden katılım gösteren 1500 kişi ile gerçekleştirilen online alan araştırması verilerine dayanmaktadır. Etkileri henüz devam eden, psikolojik, sosyolojik ve ekonomik pek çok sonuca yol açan boyutuyla keşfedilmeyi bekleyen bir sorun olarak küresel salgının Türkiye’deki yansımalarına dair bir alan araştırmasına dayanan çalışmanın literatüre önemli bir katkı sağlayacağı düşünülmektedir. Çalışma, salgın hastalık korkusu/kaygı ve aşıya bakış temelinde bireylerin salgına yönelik algılarını farklı demografik değişkenlere bağlı olarak yorumlamayı amaçlamaktadır. Çalışmanın 19.03.2020 tarihinde Bitlis Eren Üniversitesi Etik Kurulundan 66073261/050.03/ sayılı etik izni bulunmaktadır.",https://doi.org/10.7827/turkishstudies.44678,https://doi.org/10.7827/turkishstudies.44678,2020-01-01
"Sosyal Bilimlerde ve Eğitim Bilimlerinde Sistematik Derleme, Meta Değerlendirme ve Bibliyometrik Analizler","Sistematik derlemeler, bir alanda benzer yöntemler ile yapılmış olan çalışmaların kapsamlı ve detaylı bir biçimde taranması; derlemeye girecek çalışmaların çeşitli seçme ölçütleri kullanılarak belirlenmesi, belirlenen çalışmaların yapılandırılmış ve kapsamlı bir kalite değerlendirmesinin ve sentezinin yapılması esasına dayanan araştırma yaklaşımıdır. Bu anlamda özellikle son yıllarda sosyal bilimlerin ve eğitim bilimlerinin çeşitli disiplinlerinde sistematik derlemeler sıklıkla yapılmaktadır. Bu kapsamda çeşitli içerik analizleri, meta değerlendirmeler, meta sentezler, bibliyometrik analizler, bilim haritalama çalışmaları, atıf analizleri, bibliyografik eşleştirmeler, sosyal ağ analizleri, ortak kelime analizleri vb. farklı çalışmalar yapılmaktadır. Bu çalışmada sistematik derleme, meta değerlendirme ve bibliyometrik çalışmaların tanıtılması ve sosyal bilimlerde ve eğitim bilimlerinde kullanımı hakkında bilgi verilmesi amaçlanmıştır. Bu kapsamda “İçerik Analizi, Geleneksel Derleme, Sistematik Derleme, Meta Sentez, Meta Değerlendirme, Meta Çalışma, Bibliyometrik Analiz, Bilim Haritalama, Atıf Analizi, Ortak Atıf Analizi, Bibliyometrik Eşleştirme, Ortak Yazar Analizi, Sosyal Ağ Analizi, Ortak Kelime Analizi” kavramları tanıtılmaya çalışılmıştır.",https://dergipark.org.tr/tr/download/article-file/1277926,https://doi.org/10.33206/mjss.791537,2021-04-16
"Dijital bilgi çağı: Dijital toplum, dijital dönüşüm, dijital eğitim ve dijital yeterlilikler","Dijital bilgi çağında, enformasyon bilgiyi, bilgi ise bilgeliği sağladığı için, veriyi işleyip enformasyona dönüştürme en temel eylemlerden birisidir. Bilgi, dönüşümün tetikleyicisi ve hızlandırıcısıdır ve bu süreçte hayatta kalabilmenin bir yolu da dijital dönüşüm sürecine uyum sağlamaktır. Bu çalışma bağlamında dijital bilgi çağında dijital toplum, dijital dönüşüm, dijital eğitim ve dijital yeterlilikler kavramı ele alınmış ve bir araştırma sentezine ulaşılmaya çalışılmıştır. Çalışma dijital toplum ve dijital dönüşüm kavramlarının merkezinde insan olduğu sonucuna varmaktadır. Dijital eğitim süreçlerinde somut ve soyut teknolojilerin birbirini tamamlayacak şekilde kullanılması gerektiği, dijital eğitimin dijital yeterlilik ve okuryazarlık ile operasyonel olabileceği ayrıca vurgulanmaktadır. Dijitalleşme doğru yorumlanmadığında sağlayacağı avantajlardan çok dezavantajlar da sağlayabilecek bir kavramdır. Dolayısıyla dijital bilgi çağında dijitalleşmeyi doğru yorumlamak, doğru anlamak ve dönüşüm sürecinde doğru bağlamda konumlandırmak son derece önemlidir.",https://dergipark.org.tr/tr/download/article-file/1691971,https://doi.org/10.51948/auad.911584,2021-04-24
Yeni Koronavirüs (COVID-19) Salgını ve Turizm Faaliyetlerine Etkisi,"Bu çalışmanın amacı, Çin’in Vuhan şehrinde ortaya çıkan ve ‘yeni koronavirüs (COVID-19)’ olarak teşhis edilen (T.C. Sağlık Bakanlığı Covid-19 Rehberi, 2020: 5; WHO, Coronavirus Disease (COVID-19) Outbrake, 2020) salgının turizm faaliyetleri üzerindeki güncel ve gelecek dönemlerdeki muhtemel etkilerinin tespit edilmesidir. Bu amaç doğrultusunda; etkileri itibariyle uluslararası halk sağlığı açısından ciddi bir tehdit arz eden salgınla ilgili olarak Dünya Sağlık Örgütü’ne (WHO) ait resmî web sitesinde sürekli güncellenen ve anlık olarak paylaşılan veriler ve talimatlar doküman analizi yöntemi ile incelenmiştir. 31 Aralık 2019 ile 10 Mart 2020 tarihleri arasında hükümetlerin tedbir niteliğinde uyguladıkları ülkelere giriş çıkış yasakları, salgının tespit edildiği bölgelerde uygulanan karantinalar, iptali söz konusu olan uluslararası çapta spor ve sanat etkinlikleri, kongreler ve seyahat kısıtlamaları gibi turizm sektörünü doğrudan etkileyen özel önlemler ile ilgili veriler çalışma kapsamında değerlendirilmiştir. Ayrıca çalışmada Dünya Turizm Örgütü’nün (WTO) konuya ilişkin rapor ve uyarılarına da yer verilmiştir. Çalışma bulguları sonucunda elde edilen izlenimler yeni koronavirüsün ülke ekonomilerinde etkileri uzun süre hissedilebilecek türden zararlar oluşturacağı ve turizm sektörünün de bu zararlardan doğrudan olumsuz bir şekilde etkileneceği yönündedir.",https://dergipark.org.tr/tr/download/article-file/1025470,https://doi.org/10.32572/guntad.703410,2020-03-27
Geleceğimiz Olan Z Kuşağının Çalışma Hayatına Muhtemel Etkileri,"Değişimin hızlı olduğudünyamızda aile yapıları, toplumsal değerler, çalışma hayatı ve kuşaklararasındaki farklılıklar da hızla değişmektedir. İnsanlık tarihi boyunca, her nesilönceki nesile göre daha fazla bilgi ve beceriye sahip olduğu için hızlıilerleme kaydetmiş ve daha iyi şartlarda yaşamıştır. İnsanın yaradılışı gereğiçıkarları, amaçları, duyguları ve ihtiyaçları zaman ve şartlara göre hızladeğiştiği için nesiller arası farklılıklar da buna paralel olarak değişikliğeuğramıştır. İnsanın yapısı gereği amaçları, duyguları ve ihtiyaçları herdönemde hızla değiştiği için kuşaklar arası farklılıklar da buna paralel olarakdeğişmiştir. Bu değişimi dijital teknolojilerin her alanda hayatın vazgeçilmezbir parçası haline geldiği günümüz şartlarında bu teknolojileri faal ve karışıkbir biçimde kullanan kuşak olan ve “Z Kuşağı” veya “Z Nesli” olarakadlandırılan kuşakta görmekteyiz. Bu gelişmenin sonucu olarak, bu dijitalortamda doğan ve bu teknolojiden etkilenerek büyüyen çocukların dakendilerinden önceki kuşaklardan farklılaşması doğaldır. Bu çalışma; Literatürtaramaları ve gerek çevremizdeki Z kuşağındaki gençler gerekse yine bu kuşaktabulunan üniversitedeki öğrencilerimizden gözlem yoluyla yapılan bazıtespitlerle tamamlanmıştır. Bu çalışmanın amacı Z kuşağı denen ve bazıkaynaklarda 1995 yılından sonra doğanlar, bazılarında ise 2000 yılı ve sonrasıkuşak olarak nitelendirilen nesil özelliklerini belirlemekle beraber,istihdamları konusunda işletmelerin, kurumların, firmaların vb. kuruluşlarıntakınacakları ve takınmaları gereken tavırlarını ve işletme politikalarınıortaya koymaktır.",https://dergipark.org.tr/en/download/article-file/394731,https://doi.org/10.26466/opus.370345,2017-12-28
Nitel Bir Görüşme Yöntemi: Odak Grup Görüşmesi,"It may be suggested that over the recent years, social, cultural, economic, and political changes and transformations which have occurred in every field of society have also led to inevitable changes in science. Such changes might be considered as transitions from what is traditional to what is beyond tradition, from modern to postmodern and from positivist to postpositivist. The criticism made on positivist paradigm has also led to quantitative researches becoming questionable. As a result of these effects, it has been observed that the emphasis placed on qualitative research has increased. One of the data-gathering methods which could be employed within the framework of qualitative research is focus group interview. The aim of this study is to present a conceptual analysis on focus group interview. To this end, firstly what is meant by the term “focus group interview” has been explained. Following this, discussed has been presented on such issues as how focus group interviews could be conducted, the positive and negative aspects of focus group interview and possible analysis that could be employed within the method",https://dergipark.org.tr/tr/pub/akukeg/issue/29342/313994,,2011-06-01
Education in the Pandemic Period: Challenges and Opportunities,"Covid-19 pandemi dönemi eğitimde sorunlar yaşanmasına neden olmakla birlikte eğitim sistemlerinin yeniden gözden geçirilmesi, temel felsefesinden uzaklaşmış ve geçerliliği tartışılan yöntemlerin güncellenmesi için bir fırsat olarak değerlendirilmelidir. Bu çalışmanın amacı pandemi dönemini uluslararası raporlarda eğitim açısından inceleyerek, ortaya çıkan sorunları ve bu sürecin yaratığı fırsatları belirlemektir. Çalışmada nitel araştırma yöntemlerinden temel araştırma kullanılmıştır. Araştırma kapsamında Ekonomik Kalkınma ve İş birliği Örgütü (OECD, 2020b), Birleşmiş Milletler Eğitim, Bilim ve Kültür Örgütü (UNESCO, 2020) ve Dünya Bankası (2020) tarafından yayınlanan eğitim raporları incelenmiştir. Raporlarda ortaya çıkan sorunlara ilişkin temalar öğrenme -öğretme süreciyle ilgili sorunlar, paydaşlardan kaynaklanan sorunlar, teknolojik sorunlar, sağlık sorunları ve diğer başlıkları altında toplanmıştır. Ayrıca salgın döneminde ortaya çıkan fırsatlara ilişkin temalar okulların işlevi, yeni eğitim algısı, alternatif eğitim yapılanmaları, 21.yy öğrenme öğretme becerileri, veli katılımı ve okul yönetim becerileri başlıkları altında toplanmıştır. Sonuç olarak Covid19 pandemi süreci eğitim açısından sorunlar getirmekle birlikte bu sorunlar yeni fırsatlar oluşturmuştur. Öğrenme -öğretme süreciyle ilgili sorunlar, paydaşlardan kaynaklanan sorunlar ve sağlık sorunları okulların işlevini yeniden düşünmek, ortaya çıkan yeni eğitim algısıyla alternatif eğitim yapılanmalarına fırsat oluşturmaktadır. Benzer şekilde teknolojik sorunlar, öğrenme -öğretme süreciyle ilgili sorunlar ve paydaşlardan kaynaklanan sorunlar da 21.yy öğrenme öğretme becerileri, veli katılımı ve okul yönetim becerilerini geliştirme açısından fırsat oluşturmaktadır.",https://doi.org/10.7827/turkishstudies.44335,https://doi.org/10.7827/turkishstudies.44335,2020-01-01
Crystallization Behavior of PET Materials,"Polyethylene terephthalate, commonly coded as PET, PETE, is a thermoplastic polymer&#13;\nresin of the polyesters and is used in liquid containers, drinks, food and synthetic fibres.&#13;\nDepending on its processing and thermal conditions, PET may exist both as amorphous&#13;\nand as semi-crystalline. PET may appear opaque, white and transparent depending on&#13;\nits crystalline and amorphous structure. Its crystallinity and consequently its physical&#13;\nand mechanical properties are highly dependent on processing conditions like&#13;\nprocessing temperature, cooling rate, stretching process etc. In this study, it was tried&#13;\nto summarize all about PET crystallization by referring to all studies carried out before.&#13;\nCrystallization is very significant properties affecting all mechanical and physical&#13;\nproperties of PET just as for all kind of polymers. As a result, this subject has taken in&#13;\nvery good interest so far and it is believed that this interest will go on increasingly.",http://hdl.handle.net/11772/1592,,2011-01-05
ÜNİVERSİTE ÖĞRENCİLERİNDE COVID-19 KORKUSU VE BELİRSİZLİĞE TAHAMMÜLSÜZLÜK,"COVID-19 olarak bilinen koronavirüs Çin ve diğer birçok ülkeye çok hızlı bir şekilde yayılarak akut bulaşıcı bir salgınına neden olmuştur. Bu salgın kısa sürede ülkemize de ulaşmıştır. Virüsün yayılmasını önlemek için pek çok tedbir alınmış, insanların gündelik yaşamları ani ve beklenmedik şekilde değişime uğramıştır. Tedbirler kapsamında, üniversiteler kapatılarak uzaktan eğitim sistemine geçilmiştir. Bu değişim, üniversite öğrencilerini pandemiden en çok etkilenen gruplardan biri haline getirmiştir. Bu nedenle çalışma üniversite öğrencilerinin COVID-19 korku ve belirsizliğe tahammül düzeylerinin incelenmesini esas almıştır. Bu amaçla 100 üniversite öğrencisine “COVID-19 Korkusu Ölçeği” ve “Belirsizliğe Tahammülsüzlük Ölçeği-12” uygulanmıştır. Sonuçlar öğrencilerin koronavirüsten orta düzeyde korktuklarını (16,87±6,69) ve orta düzeyde belirsizliğe karşı tahammülsüz (38,79±8,81) olduklarını ortaya koymuştur. COVID-19 korkusunun ve belirsizliğe tahammülsüzlüğün cinsiyete göre anlamlı düzeyde farklılaşmadığı tespit edilmiştir. Koronavirüs nedeniyle bir yakınını kaybeden öğrencilerin korku düzeyleri, kayıp yaşamayan öğrencilerden anlamlı düzeyde yüksek bulunmuştur. COVID-19 korkusu ile belirsizliğe tahammülsüzlük arasında pozitif yönlü, orta şiddetli ve ileri düzeyde anlamlı korelasyonel ilişki gözlemlenmiştir. COVID-19 korkusu, belirsizliğe tahammülsüzlük düzeyini anlamlı düzeyde yordamaktadır.",https://dergipark.org.tr/tr/download/article-file/1285229,https://doi.org/10.30520/tjsosci.748404,2020-08-29
Toplumsal Cinsiyet Olgusu ve Türkiye'de Kadınlık,"Social relations, social systems and the overall integrity of the so-called social structure, containing many elements of a great partnership. Social structure, as well as a variety of relative stability and unity of opposites, incorporates the conflicts and inequalities. One of the most important of these are based on her gender discrimination and wrongful identification, positioning, and applications. In this sense, corresponds to the type of socially produced biologically female &amp;#039;female&amp;#039; sex, exists mainly as an example. Femininity, most completely innate and natural, not artificially created, and subsequently Gender discrimination can be found in virtually all countries of the world. Discrimination has existed in the past, continues to this day. Indicators and severity vary from society to society, but to happen. Turkey, one of the countries that experienced a significant gender-based discrimination womanhood. Woman, &amp;#039;for social sex&amp;#039; in Turkey, the other dozens of existing lead. Female gender as a theoretical speculations in the case of this study will be defined, explained and emphasized femininity inequalities experienced. Biological gender discrimination will be dealt with first in this direction. Live in societies that certain practices such as discrimination, then what will be discussed. Then, the flow in the general historical context of gender discrimination in the world and in Turkey will be discussed in a matter of femininity. As a result, the overall situation of women in Turkey exhibited and interpreted",https://dergipark.org.tr/tr/download/article-file/107207,https://doi.org/10.18493/kmusekad.36760,2014-09-01
Corona Virüs (Covid-19) Nedeniyle Mecburi Yürütülen Uzaktan Eğitim Hakkında Öğretmen Görüşleri,"Bu çalışma ile COVID-19 sürecinde mecburi olarak yürütülen uzaktan eğitim hakkında öğretmen görüşleri araştırılmıştır. Bu kapsamda, süreçte aktif olarak kullanılan yazılımlardan Zoom adlı canlı ders yazılımına, çevrimdışı eğitim amaçlı kullanılan Eğitim Bilişim Ağı (EBA) platformuna, tek yönlü iletişim amaçlı kullanılan EBA TV’ ye odaklanılmıştır. Bu sistemlerin öğrenme üzerindeki etkilerini, genel olarak uzaktan eğitimin öğrenme, öğrenci ve öğretmen üzerindeki etkilerini, uzaktan eğitim ve bahsedilen sistemler hakkında öğretmenlerin tespitlerini ortaya çıkarmak amaçlanmıştır. Görüşme formu kullanılarak nitel verilerin elde edildiği araştırma olgubilim modelindedir. Araştırmaya 2019-2020 eğitim - öğretim yılında Hatay il merkezinde 7 farklı devlet okulunda görev yapan 5’ i kadın, 7’ si erkek toplam 12 öğretmen katılmıştır. Görüşülen öğretmenlerin tamamı COVID-19 dolayısıyla mecburi yürütülen uzaktan eğitim sürecinde aktif olarak görev almışlardır. İçerik Analizi yönteminin kullanıldığı araştırmada verilerin analizde NVivo 10 yazılımından da yararlanılmıştır. Bu yazılımdan özellikle kodlamalarda, kodlamaların bir araya getirilerek temaların oluşturulmasında, tema ve alt temaların frekansları ile birlikte modellenmesinde, sık geçen kelimelerin tespitinde, kelime ağacı ve kelime bulutu oluşturma gibi sorgulamalarda yararlanılmıştır. İçerik Analizi sonunda temalar oluşturulmuş, temalara ilişkin maddelerin frekans değerlerine yer verilmiştir. Analiz sonunda “COVID-19 süreci özelinde karşılaşılan durumlar”, “Uzaktan eğitimin sağladığı kolaylıklar”, “Uzaktan eğitimde karşılaşılan dezavantajlar”, “Süreç boyunca hissedilen ihtiyaçlar” temalarına ulaşılmıştır. Temalar bağlamında birçok sonuç elde edilmiş olup bu sonuçlardan; bakanlıkça sunulan imkânların yeterli görülmesi, eğitim sistemimizin bu sürece hazırlıklı olduğunun düşünülmesi, yerli ve güvenli canlı ders yazılımı ihtiyacı, öğretmenlerin uzaktan eğitimi yüz yüze eğitim kadar etkili görmemeleri dikkat çekici olanlarıdır. Ayrıca uzaktan eğitimde ölçme – değerlendirme problemi, öğrencilerin teknik altyapı ve imkânlar açısından eşit şartlarda olmaması, hizmet içi eğitim ihtiyacı, öğrencilerin derse devam durumları da önemli sonuçlar arasındadır. Sonuçlardan hareketle COVID-19 sonrasında uzaktan eğitim ile ilgili tespit edilen eksikler tamamlanıp, gereksinimler yerine getirildikten sonra yüz yüze eğitim ile uzaktan eğitimin harmanlanabilir. Böylece hem uzaktan eğitimin hem de yüz yüze eğitimin avantajlarından yararlanılabilir.",https://dergipark.org.tr/tr/download/article-file/1203036,https://doi.org/10.15869/itobiad.769798,2021-03-30
Psikolojide Tematik Analizin Kullanımı,"Tematik analiz, sınırları çok iyi çizilmemiş olmasına ve az tanınmasına rağmen, psikoloji alanında yaygın olarak kullanılan nitel bir analiz yöntemidir. Bu makalede, tematikanaliz yönteminin nitel verilerin analizinde kullanışlı ve kuramsal açıdan esnek bir yaklaşım olduğu savunulmaktadır. Bu çalışmada öncelikle, tema veya örüntülerin arandığı diğer nitel analiz yöntemleri ve farklı epistemolojik ve ontolojik yaklaşımlar bağlamında tematik analizin ne olduğu ana hatlarıyla tanımlanmaktadır. Ardından, tematik analize ilk defa başlayacak ya da analizlerini daha planlı bir şekilde yapmak isteyen araştırmacılar için açık yönergeler sunulmuştur. Son olarak, tematik analizin dezavantajları ve avantajları özetlenmiştir. Sonuç bölümünde, tematik analizin psikoloji ve diğer disiplinlerde yürütülen nitel araştırmalarda kulllanılabilecek yararlı ve esnek bir teknik olduğu sonucuna ulaşılmıştır.",http://enadonline.com/public/assets/catalogs/0666946001556632826.pdf,https://doi.org/10.14689/issn.2148-2624.1.7c.2s.17m,2019-04-30
"Türkiye’de gözlenen ve öngörülen iklim değişikliği, kuraklık ve çölleşme","Bu makalenin başlıca amacı, küresel iklim değişikliği, kuraklık ve çölleşme ile Türkiye’de gözlenen ve öngörülen iklimsel değişimler, kuraklık ve çölleşmenin bilimsel bir değerlendirmesini yapmaktır. Sera gazlarının atmosferdeki birikimlerinin çeşitli insan etkinlikleri nedeniyle sanayi devriminden beri hızla artması sonucunda kuvvetlenen sera etkisinin en önemli sonucu, Yerküre’nin enerji dengesi üzerinde ek bir pozitif ışınımsal zorlama oluşturarak dünya ikliminin daha sıcak ve daha değişken olmasını sağlamasıdır. Öte yandan, ister küresel isterse bölgesel ölçekte olsun, iklim değişikliği, ekstrem (aşırı) hava ve iklim olaylarının sıklığında, şiddetinde, alansal dağılışında, uzunluğunda ve zamanlamasında da önemli değişikliklerin gerçekleşmesine neden olmaktadır. Alansal ve zamansal olarak yüksek bir değişkenlik gösteren yağış tutarlarında, 1900–2005 döneminde, dünyanın çeşitli bölgelerinde önemli azalış ve artış eğilimleri gözlenmiştir. Örneğin, Kuzey ve Güney Amerika’nın doğu bölümleri, kuzey Avrupa ve Asya’nın orta kesimleri ile kuzeyinde anlamlı artış eğilimleri gözlenirken, anlamlı kuraklaşma eğilimleri Sahel, Türkiye’yi de kapsayan Akdeniz havzası, Güney Asya’nın bir bölümü ile Afrika’nın güneyinde görülmüştür. Bu sonuçlara ek olarak, dünyanın birçok bölgesinde ve Türkiye’deki şiddetli yağış olaylarında (aşırı yüksek ve aşırı düşük yağışlar, vb.) da artışlar gözlenmiştir. Yağışların yanı sıra, uzun süreli klimatolojik ve meteorolojik gözlem dizilerinin çözümlemelerine dayanan yeni bulgular, 1950’lerden beri bazı ekstremlerde özellikle günlük ekstrem hava sıcaklıklarında (örn. en yüksek ve en düşük sıcaklıklar, tropikal ve yaz günleri, vb.), donlu gün sayılarında ve sıcak hava dalgalarının sıklığı ve uzunluğunda da önemli değişiklikler ortaya çıktığını göstermektedir. Bu tür değişiklikler, genel olarak Doğu Akdeniz ve Türkiye’de, özellikle 1990’lı yıllarla birlikte donlu ve kar yağışlı günlerin belirgin bir şekilde azalması, sıcak günlerin ve gecelerin sayıları ile gece en düşük ve gündüz en yüksek ortalama hava sıcaklıklarının artması, şeklinde kendisini hissettirmektedir",https://dergipark.org.tr/tr/download/article-file/564992,https://doi.org/10.1501/csaum_0000000063,2012-01-01
Sağlıklı Beslenmeye İlişkin Tutum Ölçeği (SBİTÖ): Geçerlik ve Güvenirlik Çalışması,"Bu araştırmada sağlıklı beslenmeye ilişkin tutum ölçeğinin geçerli ve güvenilir olarak geliştirilmesi amaçlanmıştır. Araştırma, 2018-2019 eğitim-öğretim yılında öğrenim gören 573 üniversite öğrencisi üzerinde yürütülmüştür. Açımlayıcı Faktör Analizi sonucunda, toplam varyansın % 57,79’unu açıklayan, 21 madde ve 4 faktörden oluşan bir yapı elde edilmiştir. Bu faktörler, Beslenme Hakkında Bilgi (BHB), Beslenmeye Yönelik Duygu (BYD), Olumlu Beslenme (OB) ve Kötü Beslenme (KB) olarak adlandırılmıştır. Doğrulayıcı faktör analizi sonucunda ölçeğin yeterli uyum indekslerine sahip olduğu kanıtlanmıştır. Ölçeğin güvenirliği iç tutarlılık katsayısı ve test tekrar test yöntemiyle incelenmiş, hesaplanan güvenirlik katsayılarının kabul edilebilir sınırlar içerisinde yer aldığı belirlenmiştir. Madde analizi sonucunda ölçekte yer alan maddelerin tamamının ayırt edici olduğu ortaya koyulmuştur. Sonuç olarak, Sağlıklı Beslenmeye İlişkin Tutum Ölçeği (SBİTÖ)’nin geçerli ve güvenilir bir ölçme aracı olduğu saptanmıştır.",https://dergipark.org.tr/en/download/article-file/736305,https://doi.org/10.31680/gaunjss.559462,2019-06-18
COVID-19 Salgınının Uygulamalı Derslere Etkisi ve Bu Derslerin Uzaktan Eğitimle Yürütülmesi: Temel Tasarım Dersi Örneği,"2019 yılı sonunda başlayan COVID-19 salgını kısa süre içinde tüm ülkelerde görülünce 2020 yılı Şubat ayı ile birlikte tedbirler alınmaya başlanmıştır. Seyahat kısıtlaması, maske kullanımı, hijyen ve sosyal mesafe tedbirlerine rağmen kontrol altına alınamayan salgından ötürü son olarak sokağa çıkma yasağı uygulanmıştır. Bu karardan eğitim kurumları da etkilenmiş ve eğitime ara verilmiştir. Salgının yayılımı durdurulamayınca örgün eğitimden vazgeçilerek uzaktan eğitim sistemine geçiş kararı alınmış ve bu kararın tüm eğitim kurumlarında uygulanması istenmiştir. Kararın ardından kısa bir süre içinde, Milli Eğitim Bakanlığı’nın EBA sistemi ve yükseköğretim kurumlarının kendi uzaktan eğitim sistemleri üzerinden tüm dersler uzaktan eğitim modeliyle yürütülmüştür. Bu sayede Yükseköğretim kurumları 2019-2020 eğitim-öğretim yılı bahar döneminin 6 haftasını örgün, 8 haftasını ise uzaktan eğitim yöntemiyle tamamlayabilmiştir. Fakat uzaktan eğitim sisteminde daha önceden teorik ve bilgisayar tabanlı uygulamalı dersler yürütüldüğü için uygulamalı derslerin uzaktan eğitim modeliyle yürütülmesinde sorunlar yaşanmıştır. Özellikle laboratuvar, atölye ve stüdyo içerikli derslere sahip olan fakültelerde (Mühendislik, Fen, Mimarlık, Konservatuar ve Güzel Sanatlar alanları) laboratuvar ve atölye alt yapısı gerektiren uygulamalı derslerin uzaktan eğitim modeliyle sürdürülmesinde öğrencilerin zorluklarla karşılaştığı görülmüştür. Araştırmaya konu olan ve uygulamalı ders kategorisinde olan Temel Tasarım dersi Sanat ve Tasarım, Mimarlık ve Güzel Sanatlar Fakültelerinin ve Eğitim Fakültesi Resim-İş Öğretmenliği Bölümü birinci sınıf ders müfredatının zorunlu bir dersidir. Araştırmada Temel Tasarım dersinin uzaktan eğitim modeliyle yürütülen süreci incelenmiş ve öğrencilere dersle ilgili anket uygulanmıştır. Elde edilen veriler analiz edilerek önerilerde bulunulmuştur.",https://dergipark.org.tr/tr/download/article-file/1190805,https://doi.org/10.46641/medeniyetsanat.741737,2020-06-30
Post-Truth Kavramı Üzerine Yapılan Çalışmaların VOSviewer ile Bibliyometrik Analizi,"Bu çalışmada, post-truth kavramına dair yapılan çalışmalar özelinde kavramın evriminin ve yapılan çalışmaların haritasını çıkarmak hedeflenmiştir. Çalışmada, nicel veriler kapsamında, çağın ruhunu tasvirleyen kilit kavramlardan post-truth ya da hakikat ötesine ilişkin mevcut yazının bibliyometrik analiz kullanılarak sistemli bir özetinin araştırmacıların dikkatine sunulması, kavramla ilgili çalışma eğilimlerinin ve boşlukların tespiti amaçlanmıştır. Analiz birimi olarak Web of Science veri tabanında taranan ve 2006-2023 yılları arasında yayınlanmış farklı türdeki eserlerin bibliyometrik verisi baz alınmıştır. Post-truth ile ilgili 1652 eserin yayın yıllarına göre dağılımına bakıldığında, en fazla 2018 (294 eser), 2019 (361 eser) ve 2020 (341 eser) yıllarında yoğunlaşma olduğu; en fazla eser veren isimlerin Lee Mcintyre, Bram Buscher ve Leonardo Ambasciano olduğu; yayın türünün ağırlıklı olarak dergi makalesi (1215), editoryal yazı (210) ve kitap bölümü (134) türünde olduğu; araştırma alanları açısından iletişim (300), eğitim bilimleri (182), felsefe (151), siyaset bilimi (145) ve interdisipliner sosyal bilim (108) alanlarında eser verildiği; yayınların ülkelere göre dağılımı konusunda liderliğin ABD (318), İngiltere (251) ve İspanya (164) menşeli yayıncılarda olduğu; başta İngilizce (1381) olmak üzere İspanyolca (139) ve Portekizce (39) eserler yayınlandığı; SSCI (647), ESCI (590) ve AHCI (226) endekslerde taranan yayınların ağırlıkta olduğu tespit edilmiştir. Post-truth ile ilgili yayınlarda en sık kullanılan anahtar sözcüklere bakıldığında 563 tekrar ile post-truth (hakikat ötesi), 223 tekrar ile fake news (sahte haber), 106 tekrar ile social media (sosyal medya), 95 tekrar ile science (bilim) ve 84 tekrar ile truth (hakikat) ifadeleri başı çekmektedir.",https://dergipark.org.tr/tr/download/article-file/3036932,https://doi.org/10.54733/smar.1271369,2023-06-29
BÜYÜK VERİ ANALİZİNDE YAPAY ZEKÂ VE MAKİNE ÖĞRENMESİ UYGULAMALARI - ARTIFICIAL INTELLIGENCE AND MACHINE LEARNING APPLICATIONS IN BIG DATA ANALYSIS,"Bilgi teknolojilerinde yüksek hızda yaşanan gelişmeler ve internetkullanımının çok yaygın hale gelmesi ile birlikte, çeşitli platformlardabiriken verinin çeşitliliği ve hacmi de artmıştır. Büyük veri kavramı ile ifadeedilen bu verilerin işlenmesi ve anlamlı bilgilerin elde edilmesi, önemlisonuçlar elde edilebilmesine imkân vermektedir. Bu çalışmada, büyük verianalizinde yapay zekâ ve makine öğrenmesi tekniklerinin kullanımıtartışılmıştır. Başlıca yapay zekâ ve makine öğrenmesi teknikleri hakkındabilgiler verilerek, bu tekniklerin büyük verilerle yapılan uygulamalarındanörnekler verilmiştir. Başlıca olarak; kümeleme, sınıflandırma, yapay sinirağları, metin ve web madenciliği, fikir madenciliği ve duygu analizialanlarında büyük verilerle yapılan çalışmalar anlatılmıştır.",https://dergipark.org.tr/en/download/article-file/387269,https://doi.org/10.20875/makusobed.309727,2017-12-19
Utilizing Online Photovoice (OPV) Methodology to Address Biopsychosocial Spiritual Economic Issues and Wellbeing during COVID-19: Adapting OPV to Turkish,"Bu araştırmada yazar (1) COVID-19 sürecinde üniversiteli öğrencilerin yaşamını kolaylaştıran ve zorlaştıran en önemli biyolojik, psikolojik, sosyal, manevi/spiritüel ve ekonomik faktörleri Online Seslifoto tekniğini (OSF) kullanarak katılımcıların kendi biricik perspektifinden incelemiş; (2) katılımcılardan gönüllü olanlarla beraber sonuçları online yollarla ilgili ve yetkili kişilere ulaştırarak yaşamı kolaylaştıran faktörlerin ihtiyaç duyulan düzeyde arttırılması ve zorlaştıran faktörlerin ise etkili bir şekilde ele alınarak meselelerin çözüme kavuşturulması için aktif sosyal savunuculuk yapmış; (3) katılımcıların kolaylaştırıcı ve zorlaştırıcı faktörleri Ekolojik Sistemler Teorisinin (EST) hangi sistemlerine atfettiğini belirlemiş ve son olarak (4) OSF’nin İngilizcede yani orijinal hâlinde kullanıldığı kadar Türkçede de işlevsel bir şekilde kullanılabilmesi için bağlamsal bir perspektiften OSF’yi Türkçeye uyarlamış ve kullanmıştır. Araştırmanın teorik çerçevesini Ekolojik Sistemler Teorisi (EST) bağlamında Topluluk Temelli Katılımlı Araştırma (TeTKA) oluşturmuştur. Veri toplamak için nitel yöntemler arasında yer alan OSF tekniği ve veriyi analiz etmek için Online Yorumlayıcı Fenomenolojik Analizi (OYFA) yaklaşımı kullanılmıştır. Araştırmaya toplamda 148 üniversite öğrencisi katılmış; 127 kişi onam formunu onaylayarak nihai örneklemi oluşturmuştur. Kolaylaştırıcı faktörler 19 ana tema oluşturmuştur; en önemli kolaylaştırıcı ana temalar ve oranları şöyle olmuştur: Kendinde yani mindful olma (%32), aile/arkadaş ilişkileri (%18) ve maneviyat/spiritüalizm (%18). Zorlaştırıcı faktörler 21 ana tema oluşturmuştur; en önemli zorlaştırıcı ana temalar ve oranları şöyle olmuştur: sevilen insanlarla fiziki olarak beraber olamamak (%26), psikolojik meseleler (%21) ve online/uzaktan eğitim (%21). Katılımcılar kolaylaştırıcıları ve zorlaştırıcıları EST sistemlerine sırasıyla şöyle atfetmiştir: Bireysel/içsel (%86; %76), mikrosistem (%10; %71), ekzosistem (%46; %58) ve makrosistem (%35; %48). Araştırmacı ve gönüllü katılımcılar sonuçları ilgili ve yetkili kişilere gerçek ve online ortamlarda ulaştırarak kolaylaştırıcıların ve zorlaştırıcıların ihtiyaç düzeyine göre ele alınıp genel hayat kalitesinin artırılması ve meselelerin çözüme kavuşturulması için aktif sosyal savunuculuk yapmıştır. Yazar araştırma, sağlık ve yönetim gibi hizmet verme, eğitim ve aktif savunuculuk gibi dört temel alan için spesifik uygulamalar önermiştir. Bu dört temel alandaki profesyonel çalışanlar insanların biyopsikososyal manevi ve ekonomik durumunu bütüncül bir perspektiften hem pozitif hem de anormal psikoloji perspektifinden anlamak, yaşam kalitesini EST’nin tüm düzeylerinde senkronize ve dengeli bir şekilde artırmak ve yaşadıkları meseleleri en etkili şekilde ele almak için OSF’yi ve mevcut araştırmanın sonuçlarını kullanabilir. OSF’nin insanları manipüle etmeden yaşadıkları durumu onların biricik perspektifinden anlama noktasında, özellikle de insanların yüz yüze bir araya gelmesinin zor olduğu pandemi, endemi, savaş ve doğal afet durumlarında veya katılımcıların çok olduğu durumlarda diğer birçok nitel tekniğe göre avantaj sağladığı görülmüştür. Araştırmacı bu çalışma için etik kurul izni almıştır.",https://doi.org/10.7827/turkishstudies.44451,https://doi.org/10.7827/turkishstudies.44451,2020-01-01
Üniversite Öğrencilerinin Okuma Alışkanlığı: Ankara Üniversitesi Örneği,"Okuma alışkanlığı, okuma eyleminin sürekli, düzenli ve eleştirel olarak sürdürülmesidir. Okuma alışkanlığının özünde sürdürülebilirlik yaklaşımı bulunmaktadır. Sürdürülebilir okuma alışkanlığı, bireyin yaşamının her döneminde okuma eylemini kalıcı ve düzenli olarak devam ettirmesini ifade eder. Türkiye’de okuma kültürünün gelişmiş ülke ortalamalarının oldukça altında olduğu bilinmektedir. Bu bakımdan çalışmanın temel amacı Türkiye’nin genel yapısında gözlemlenen bu olumsuz tablonun üniversite öğrencileri üzerine ne düzeyde yansıdığına ilişkin durum saptamasıdır. Çalışmada ilk olarak okuma alışkanlığı kavramsal olarak irdelenmekte, daha sonra Türkiye’de okuma alışkanlığının durumu ortaya konmakta ve son olarak da Ankara Üniversitesi lisans öğrencileri üzerinde yapılan anket uygulamasının sonuçları değerlendirilmektedir. Çıkan sonuçlar yüksek öğrenim boyunca öğrencilerin okuma becerisinde gelişme olduğunu, buna karşın yeterli okuma alışkanlığına sahip olmadıklarını göstermektedir.",https://bd.org.tr/index.php/bd/article/download/313/310,https://doi.org/10.15612/bd.2008.313,2008-10-31
COVID-19 Epidemiyolojisi: Pandemiden Ne Öğrendik,"2019’un sonunda Çin’in Hubei eyaleti Wuhan şehrinde ortaya çıkan ve yayılanSARS-CoV-2 virüsü sonucu meydana gelen COVID-19 pandemisihalen ciddi bir halk sağlığı problemi olarak etkisini sürdürmektedir. Virüsün yarasa kaynaklı olduğu düşünülmektedir. Hastalık damlacık ve temas yolu ile insandan insana bulaşmaktadır. İnkübasyon süresi ortalaması 4-5 gün (0-14 gün) olarak gösterilmiştir. En yaygın semptomları ateş, kuru öksürük ve nefes darlığıdır. Hastalık ileri yaş ve komorbid hastalığı olan kişilerde şiddetli ve mortal seyredebilmektedir. Erkeklerde daha fazla fatalite hızı gösterilmiştir. Fatalite hızı dünya genelinde %2-3 olarak değişmektedir. Yaş arttıkça fatalite hızı artmaktadır. Rutin BCG aşısı politikasının mortaliteyi azalttığı düşünülmektedir. Teşhis olası vakalarda virüsün solunum sekresyonlarında özel moleküler testlerle gösterilmesi ile konur. Klinik şüphe varlığında tedavi planlamasında akciğer grafisi ve bilgisayarlı tomografi gibi görüntüleme yöntemleri kullanılmaktadır. Esas olarak destekleyii ve ampirik tedavi uygulanmakta olup spesifik tedavisi ve aşısı henüz yoktur. İnsanların temasının azaltılması, kesin ve şüpheli vakaların izolasyonu ve bulaştan korunmak için kişisel koruyucu ekipmanların etkin kullanımı salgın ile mücadelede çok büyük öneme sahiptir.",https://dergipark.org.tr/tr/download/article-file/1049524,https://doi.org/10.34084/bshr.715153,2020-04-09
Türkiye ve Kazakistan Öğretmen Adaylarının Dijital Okuryazarlık Düzeylerinin Değerlendirilmesi,"Bu çalışmanın amacı, Türkiye ve Kazakistan’daki öğretmen adaylarının dijital okuryazarlık düzeylerini ortaya koymak ve belirli değişkenlere göre karşılaştırmalı olarak incelemektir. Araştırma, ilişkisel tarama modeline uygun olarak gerçekleştirilmiştir. Araştırmanın evrenini 2015-2016 öğretim yılında Türkiye ve Kazakistan’da öğrenimlerine devam eden ilkokul ve ortaokul öğretmen adayları oluşturmaktadır. Örneklemini ise, 2015-2016 öğretim yılında Türkiye’de Gazi Üniversitesi, Kazakistan’da ise Ahmet Yesevi Üniversitelerinin Eğitim Fakültelerinde üç ve dördüncü sınıfa devam eden toplam 601 ilkokul ve ortaokul öğretmen adayları oluşturmaktadır. Araştırmada veri toplama aracı olarak Acar, 2014 tarafından geliştirilen Dijital Okuryazarlık Değerlendirme Ölçeği kullanılmıştır. Yapılan analizler sonucunda şu sonuçlara ulaşılmıştır; Cinsiyet değişkenine göre her iki ülkede de kadın öğretmen adayların erkek öğretmen adaylarından daha kalabalık olduğu saptanmıştır. Sınıf değişkenine göre araştırmaya katılan öğretmen adaylarının Türkiye’de 3 ve 4. sınıf sayıları benzerken Kazakistan’da dördüncü sınıfların daha kalabalık oldukları görülmüştür.",https://dergipark.org.tr/tr/download/article-file/464425,https://doi.org/10.21666/muefd.314761,2018-04-27
Translanguaging in EFL classrooms: Teachers’ perceptions and practices,"Please fill up the following information accurately. (Please use Times New Roman, 12 pt. Translanguaging in EFL classrooms: Teachers’ perceptions and practices The belief that the nativelanguage practices of individuals improve their competence in a foreignlanguage gave rise to a number of bilingual language pedagogies, one of whichis translanguaging. This term does not merely refer to switching between two languages,on the contrary, it involves a systematic use of two languages in a particularlanguage teaching activity. In this study, English language teachers’perceptions of translanguaging were examined through a questionnaire. Classroomobservations were done to examine for what purposes they apply the use of L1 intheir teaching and semi-structured interviews were done to figure out thereasons of the differences between their perceptions and actual use of L1. Theparticipants of the study were English language teachers (EFL) who work atstate and private schools in Turkey. The Likert-type items in the questionnairewere analyzed quantitatively using descriptive statistics and the data gatheredfrom open-ended questions in the questionnaire, classroom observations andsemi-structured interviews were exposed to structural-coding analysis. Theresults showed that EFL teachers’ perceptions were not akin to their practices.Although they held positive views about translanguaging in some particularsituations, they did not frequently employ this pedagogy due to theexpectations of their institutions, colleagues and parents of their students.&amp;nbsp; Information about Author(s)* Author 1 Author (Last name, First name) &amp;nbsp;Yuvayapan, Fatma Affiliated institution (University) &amp;nbsp;Osmaniye Korkut Ata University Country &amp;nbsp; Email address &amp;nbsp;fyuvayapan@gmail.com Department &amp;amp; Rank &amp;nbsp; Corresponding author (Yes/No) Write only one corresponding author. &amp;nbsp; Author 2 Author (Last name, First name) &amp;nbsp; Affiliated institution (University) &amp;nbsp; Country &amp;nbsp; Email address &amp;nbsp; Department &amp;amp; Rank &amp;nbsp; Corresponding author (Yes/No) &amp;nbsp; Author 3 Author (Last name, First name) &amp;nbsp; Affiliated institution (University) &amp;nbsp; Country &amp;nbsp; Email address &amp;nbsp; Department &amp;amp; Rank &amp;nbsp; Corresponding author (Yes/No) &amp;nbsp; Author 4 Author (Last name, First name) &amp;nbsp; Affiliated institution (University) &amp;nbsp; Country &amp;nbsp; Email address &amp;nbsp; Department &amp;amp; Rank &amp;nbsp; Corresponding author (Yes/No) &amp;nbsp; &amp;nbsp;",https://dergipark.org.tr/en/download/article-file/753056,https://doi.org/10.17263/jlls.586811,2019-07-01
21. Yüzyıl Becerileri ve Bu Becerilerin Ölçülmesinde Kullanılan Araçlar ve Yaklaşımlar,"Bu çalışmada, 21. yüzyıl becerilerini tanımlamak ve onları ölçmek içinkullanılan çeşitli araçları ve yaklaşımları tanıtmak amaçlanmıştır. 21. yybecerileri, temel becerileri kapsamakla birlikte; i) öğrenme ve yenilikbecerileri, ii) bilgi, medya ve teknoloji becerileri ve iii) yaşam ve kariyerbecerileri olmak üzere üç ana beceri alanından oluşmaktadır. Yapılan alanyazınincelemesinde, bu tür becerilerin ölçülmesinde; derecelendirme ölçekleri,durumsal yargı testleri, performans değerlendirmeler ve simülasyonlar,portfolyolar ve farklı madde türlerini içeren araçlar (çoktan seçmeli,bilgisayar destekli ve açık uçlu maddeler gibi) kullanıldığı görülmüştür. Ancakbahsedilen ölçme araçlarının ve yaklaşımlarının bazıları Türkiye’dekullanılmamaktadır. Ayrıca pek çok ülkede teknolojik gelişmelere paralel olarakbilgisayar-temelli ölçme uygulamalarının kullanıldığı görülmüştür. Bilgisayarortamı, bu yaklaşımlardan gerçek duruma dayalı bilgisayar simülasyonları gibiuygulamaların kullanılmasına izin vermekte, bu durum da hem bilişsel hemkişilerarası becerilerin gerçeğe oldukça yakın bir şekilde ölçülmesine fırsattanımaktadır. Ayrıca ders kitaplarında, öğrencilerin kişilerarası ve içselbecerilerini ortaya koymalarını sağlayacak durumsal yargı testi gibi ölçme yaklaşımlarınayer verilmesi önerilmektedir.",https://dergipark.org.tr/en/download/article-file/451197,https://doi.org/10.30964/auebfd.405860,2018-03-15
"Yapay Zeka Kaygı (YZK) Ölçeği: Türkçeye Uyarlama, Geçerlik ve Güvenirlik Çalışması","Bu araştırmanın amacı Wang ve Wang (2019) tarafından geliştirilen Yapay Zeka Kaygı Ölçeğinin Türkçeye uyarlanmasıdır. Yapay zeka alanındaki çalışmaların hızla ilerlemesi ve çeşitli sektörlerde farklı uygulamaların geliştirilmesiyle birlikte insanların iş ve gelecek kaygılarının arttığı vurgulanmaktadır. Teknolojinin çok hızlı geliştiği günümüz Endüstri 4.0 döneminde çalışanların yapay zeka kaygısının belirlenmesi ve uyumunun sağlanması önem arz etmektedir. Bu uyum sürecini daha iyi yönetmek için gelecekteki araştırmalarda kullanılmak üzere Yapay Zeka Kaygı Ölçeğinin Türkçeye adaptasyonu önemli olarak değerlendirilmektedir. Araştırma Farklı yükseköğrenim kurumlarında eğitim alan 490 katılımcıdan oluşana üç farklı örneklem ile yürütüldü. Ölçek uyarlama süreci Brislin geri çeviri prosedürü doğrultusunda izlendi. Araştırma bir ölçek uyarlama çalışması olduğu için öncelikle İngilizce ve Türkçe diline hâkim akademisyenler tarafından dil geçerliği yapıldı. Dil geçerliği sağlandıktan sonra ölçeğin yapı geçerliği ve güvenirlik analizi incelendi. Ölçeğin yapı geçerliğini belirlemek için Keşfedici Faktör Analiz (KFA) ve Doğrulayıcı Faktör Analizi (DFA) yapıldı. KMO 0.892 ve Barlett testi χ² değeri ise 2847.749(p=.000) olarak bulunmuştur. KFA’dan elde edilen madde-faktör yapısının doğrulayıcı faktör analizi (DFA) ile model uyumu test edilmiştir. Buna göre Yapay Zeka Kaygı Ölçeği’nin dört faktörlü yapısının doğrulandığı görülmüştür. Uyum iyiliği değerleri (Δχ² = 260.120. sd= 99 χ²/sd=2.627, NFI=.923, CFI=.950. RFI=.906, IFI=.951, TLI=,940. RMSEA= .078, p=.000) kabul edilebilir aralıklarda bulunmuştur. Ölçeğin güvenirliğini belirlemek için yapılan toplam iç tutarlılık katsayısının α=.937, Öğrenme boyutunun α=.948, İş Değiştirme boyutunun α=.895, Sosyoteknik Körlük boyutunun α=.875 ve Yapay Zeka (YZ)Yapılandırması boyutunun ise α=.950 olduğu ve ölçeğin iç tutarlılığa sahip olduğu bulunmuştur. Yapay Zeka Kaygı Ölçeğinin Türkçe formunun 16 madde ve 4 boyuttan oluştuğu saptanmıştır. Elde edilen tüm bu bulgular Yapay Zeka Kaygı Ölçeğinin Türkçe Formunun kabul edilebilir değerlerde güvenilir ve geçerli bir ölçme aracı olduğu söylenebilir.",https://dergipark.org.tr/tr/download/article-file/1423312,https://doi.org/10.29023/alanyaakademik.833668,2021-05-16
Covid-19 pandemi uzaktan eğitim sürecinde sınıf öğretmenlerinin karşılaştığı sorunlar,"Bu çalışma tüm dünyayı etkisi altına alan ve henüz tedavisi bulunamamış Kovid-19 virüsünün sebep olduğu pandemi nedeniyle uzaktan eğitim faaliyetlerinde sınıf öğretmenlerinin karşılaştığı sorunların tespit edilmesi ve bunlara çözüm önerileri sunmayı amaçlamaktadır. Çalışmanın evreni Karatay ilçesinde görev yapan sınıf öğretmenleri oluştururken, araştırmanın örneklemini basit tesadüfi örnekleme yöntemiyle belirlenen halen görev başında olan 40 sınıf öğretmeni oluşturmaktadır. Basit tesadüfi örnekleme yönteminde kendisine okul idareleri ve uzaktan elektronik anket formları aracılığıyla ulaşılabilen sınıf öğretmenlerinin görüşlerine başvurulmuştur. Basit tesadüfi örneklemede evren içinden rastgele birimler listelenir ve seçilir (Kılıç, 2013).Araştırma problemi belirlendikten sonra literatür taraması yapılmış, uzaktan eğitim kavramı irdelenmiş, Dünya’da ve Türkiye’de uzaktan eğitim durumları değerlendirilmiş, Kovid-19 salgınının ortaya çıkışı ve hastalık seyrinde dünya devletlerinin uyguladığı eğitim politikaları ve ülkemizin attığı eğitim adımları irdelenmeye çalışılmıştır. Alan yazın taramasının ardından uzaktan eğitim kapsamında karşılaşılabilecek sorunları içeren anket formu geliştirilerek Karatay ilçesinde görev yapan sınıf öğretmenlerinin değerlendirmeleri istenmiştir. Araştırma sonunda görev yapılan ilkokulların teknolojik açıdan yetersiz olduğu, öğrencilerin uzaktan eğitime devamlarının yeterli olmadığı, meslektaş iletişiminin iyi olduğu, öğretmenlerin ölçme ve değerlendirme uygulamalarında zorlandıkları bulguları çerçevesinde veriler analiz edilerek araştırmanın sonuç ve öneriler kısmında tavsiyelerde bulunulmuştur. Fatih Projesi Faz III uygulamasının ilkokullara uygulanması, uzaktan eğitim devam zorunluluğunun getirilmesi, öğrencilerin teknolojik olarak desteklenmesi ile ölçme ve değerlendirme uygulamalarının uzaktan eğitime uyarlanması önerilerinde bulunulmuştur.",https://dergipark.org.tr/tr/download/article-file/1451447,https://doi.org/10.51948/auad.841632,2021-04-24
"Kaynaştırma: Tanımı, Gelişimi ve İlkeleri","With the growth of special education today, most students with special needs are educated in general education classrooms.Education of students with special needs in regular settings is called mainstreaming; however this concept includes more than physical integration.This article explains the concept of mainstreaming and factors of contributing to the development of the concept in Turkey and in the world.",https://dergipark.org.tr/tr/download/article-file/159199,https://doi.org/10.1501/ozlegt_0000000080,2004-01-01
Üniversite Öğrencilerinin Sosyal Medya Bağımlılık Düzeylerinin Çeşitli Değişkenlere Göre İncelenmesi,"Sosyal medya kavramı, ortaya atıldığı günden beri akademisyenleri, kullanıcıları ve iş dünyasını meşgul eden önemli bir konudur. Sosyal medya adı verilen, yeni iletişim biçimlerini ortaya çıkaran, etkileşime dayalı, paylaşım temalı bu yeni ortam; kullanıcıların gözdesi olmakla birlikte kendine ayrılan mesainin çok yoğun olması sonucunu da beraberinde getirmektedir. Sosyal medyanın bu yoğun kullanımı, problemli kullanım sorununa yol açmış, bu durum da sosyal medya bağımlılığı kavramının ortaya çıkmasını desteklemiştir. Bu araştırmada üniversite öğrencilerinin sosyal medya bağımlılık düzeyleri ölçülmeye çalışılmıştır. Bu maksatla araştırma, Aksaray Üniversitesi’nde öğrenim gören öğrenciler üzerinde uygulanmıştır. Elde edilen sonuçlara göre, katılımcıların sosyal medya bağımlılık düzeyleri “az bağımlı” seviyesinde bulunmuştur. Ayrıca araştırmada katılımcıların öğrenim gördükleri program, günlük sosyal medya kullanım süreleri, sosyal medyayı ne kadar zamandır kullandıkları değişkenleri ile sosyal medya bağımlılık düzeyleri arasında anlamlı bir farklılık olduğu sonucu ortaya konulmuştur. Bununla birlikte sosyal medya bağımlılık ölçeğinin alt faktörleri arasında pozitif yönde, anlamlı ilişki bir saptanmıştır.",https://dergipark.org.tr/tr/download/article-file/516398,https://doi.org/10.17680/erciyesiletisim.379886,2018-07-30
Atıf Analizi: Hacettepe Üniversitesi Kütüphanecilik Bölümü Tezlerinde Atıf Yapılan Kaynaklar,"Bibliyometri, yayınların ya da belgelerin yazar, konu, yayın bilgisi, atıf yapılan kaynaklar, vb. gibi belirli özelliklerinin niceliksel olarak analizi ile ilgilenir. Elde edilen bibliyometrik verilere dayanarak çeşitli disiplinlerde bilimsel iletişim sürecinin nasıl gerçekleﬂtiği araştırılabilir. Bu araştırmada Hacettepe Üniversitesi Kütüphanecilik Bölümünde 1974-2002 yılları arasında yapılan 100 adet yüksek lisans ve doktora tezi bibliyometrik özellikleri açısından incelenmektedir. Bölümde yapılan tezler ortalama 171 sayfa uzunluğundadır. Tezlerdeki ortalama atıf sayısı ise 70’tir. Doktora tezleri ortalama 275 sayfa, yüksek lisans tezleriyse 142 sayfa uzunluğundadır. Doktora tezlerindeki ortalama atıf sayısı (132) yüksek lisans tezlerindeki ortalama atıf sayısından (53) yaklaşık 2,5 kat daha yüksektir. Tezlerde yer alan toplam 7019 atıfın %50’si kitaplara, %42’si dergilere, %3’ü tezlere, %3’ü elektronik yayınlara, %2’si ise diğer yayınlara (yayımlanmamış makaleler, görüşmeler, arşiv belgeleri) yapılmıştır. En çok atıf yapılan dergiler sıralamasında Türk Kütüphaneciliği, Resmî Gazete, College &amp; Research Libraries, Library Trends, Library Journal, Journal of the American Society for Information Science ve Unesco Bulletin for Libraries dergileri başta gelmektedir. Toplam atıfların %32’si 4, %67’si 38 dergide yayımlanan makalelere yapılmıştır. Yabancı dergilere yapılan atıfların dağılımı Bradford’un Saçılım Yasasına uygunluk göstermektedir. Tezlerde atıf yapılan kaynakların yarı yaşamı (half-life) dokuz yıldır. Yüksek lisans tezlerinde atıf yapılan kaynaklar doktora tezlerinde atıf yapılan kaynaklardan daha gençtir. Tezlerde atıf yapılan kaynakların büyük bir çoğunluğu tek yazarlıdır. Araştırmada elde edilen bibliyometrik bulgular kütüphane koleksiyonlarının değerlendirilmesinde ve kütüphanecilik alanında çekirdek dergi koleksiyonu oluşturulmasında kullanılabilir.",https://bd.org.tr/index.php/bd/article/download/497/493,https://doi.org/10.15612/bd.2004.497,2004-04-30
Beş Faktör Kişilik Ölçeğinin Türk Kültürüne Uyarlanmasi,"Determining how people differ from each other is form one of important point of interest in psychology. The distinctive feature of individuals, which makes them different from other individuals, constitutes its personality. The aim of this study is to adapt the big five personality traits scale to Turkish culture developed by Rammstedt and John (2007) to measures big five personality traits. The research was conducted with three different groups for translation and back translation, linguistic equivalence, and validity-reliability studies. In first study, translation and back translation stage, four expert teaching staffs from department of counseling and guidance who are good at English and have studied on personality were selected. The second study involved 31 students studying English language teaching for linguistic equivalence. For third study, 208 high school students were selected to analyze the factorial and construct validity of the scale. The findings obtained from the linguistic equivalence study of the scale showed that the Turkish and English original forms of the scale were highly correlated. The results of the exploratory and confirmatory factor analysis, construct validity, and the reliability of the scale showed that the scale is a reliable measurement tool in Turkish culture.",https://dergipark.org.tr/en/download/article-file/341354,https://doi.org/10.19126/suje.298430,2017-08-25
PANDEMİ SÜRECİNDE BİREYLERİN KORONAVİRÜS (KOVİD-19) KORKUSU: ÇORUM ÖRNEĞİ,"Tüm dünyayı etkisi altına alan koronavirüs (Kovid-19) salgınının kesin tedavisine yönelik belirsizlik halen devam etmektedir. Vaka ve ölüm oranlarının anlık olarak yükselmesi, basında salgın ile ilgili haberlerin sürekli gündemde olması, aşısının henüz bulunamamış olması gibi nedenler herkesi kaygılandırmaktadır. Bazı bireylerde ise bu durum kaygı düzeyini aşarak korkuya dönüşebilmektedir. Bu çalışmada; bireylerin koronavirüs salgınına ilişkin korku düzeyleri bazı değişkenlere göre incelenmiştir. Araştırma, Çorum ilinde yaşayan 369’u kadın, 199’u da erkek olmak üzere gönüllü 568 kişi ile yürütülmüştür. Araştırmanın verileri demografik özellikler bilgi formu ile “Koronavirüs (Covid-19) Korkusu Ölçeği” [The Fear of COVID-19 Scale (FCV-19S)] aracılığıyla toplanmıştır. Koronavirüs (Covid-19) Korkusu Ölçeğinin Cronbach Alpha güvenirlik katsayısı .89 olarak bulunmuştur. Araştırma sonucunda, Koronavirüs (Covid-19) Korkusu ölçeğinden alınan genel puan ortalamasının ortaya yakın düzeyde olduğu görülmüştür (X̄=2.42). Örneklem grubunun koronavirüs korku puan ortalamalarının cinsiyet, yaş ve medeni durum değişkenlerine göre anlamlı farklılık gösterdiği belirlenmiştir. Koronavirüs korkusu puan ortalamalarında eğitim düzeyi ve kronik hastalık değişkenlerine göre ise anlamlı bir farklılık bulunmamıştır.",https://dergipark.org.tr/tr/download/article-file/1278083,https://doi.org/10.47994/usbad.791577,2020-12-22
Nitel Araştırmalarda Görüşme Tekniği,"Nicel araştırmalarda kullanılan yöntemlerin sınırları ve yönergeleri daha net olmakla birlikte nitel araştırmalarda kullanılan yöntem ve teknikler hakkında bir standart olmadığı bilinen bir gerçektir. Diğer bir ifade ile nitel araştırmalarda kullanılan tekniğin içeriği bir araştırma için doğru ve tam olabilirken diğer bir araştırma için eksik veya yanlış olabilmektedir. Dolayısıyla nitel araştırmalarda konunun ve kullanılacak yöntemin sınırlarının net olarak çizilmesi önemli bir husustur. Bu çalışmada görüşme tekniği aşamalarının literatürde nasıl sınıflandırıldığı ve bunların hangisinin en optimal sınıflandırma olduğu tespit edilmeye çalışılmıştır. Bu doğrultuda çalışmada en kapsamlı sınıflandırmadan yararlanarak görüşme tekniğini kullanacak araştırmacılar için bir rehber ortaya koymak amaçlanmıştır. Bu bağlamda, araştırmada öncelikle görüşme tekniği hakkında ve sonrasında literatürdeki çalışmaların görüşme tekniğini hangi aşamalar altında incelediği hakkında bilgi verilmiştir. Ayrıca görüşme tekniğini kullanan araştırmacıların hangi aşamalarda hangi konulara dikkat etmesi gerektiğine değinilmiştir. Çalışma sonucunda, bir nitel araştırmanın başarıya ulaşabilmesi için en büyük etkenin araştırmacının konuya hakimiyeti ve süreçteki titizliği olduğu ifade edilmiştir. Ayrıca bu çalışmanın, gelecekte görüşme tekniğini kullanacak araştırmalar için rehber niteliği taşıyacağı düşünülmektedir.",https://dergipark.org.tr/tr/download/article-file/2864475,https://doi.org/10.18037/ausbd.1227330,2022-12-31
CORONAVIRUS (COVID-19) AND STOCK MARKETS: THE EFFECTS OF THE PANDEMIC ON THE GLOBAL ECONOMY,"The novel coronaviris (COVID-19) virus, which emerged in Wuhan City, Hubei Province of China, spread to other countries over time and was declared a global epidemic by the World Health Organization (WHO) on March 11, 2020. With the epidemic, curfews were imposed, workplaces closed, production decreased, shopping stopped, except for basic supplies. COVID-19 endangered human health as well as increased risk perception in financial markets. Large decreases occurred in stock markets in a short time, companies lost value, stock prices dropped. In this study, it was investigated that the effect of COVID-19 outbreak on global markets between January 21, 2020 and April 7, 2020. Global markets are represented by MSCI’ World, emerging market, European and G7 indices. In the study where Fourier Cointegration test was applied, it was detected that a long-term relationship between stock markets and COVID-19.",https://dergipark.org.tr/tr/pub/asead/issue/54055/721871,,2020-04-30
Kuşaktan Kuşağa Tüketim Olgusu ve Geleceğin Tüketici Profili,"Her donemin hakim degerleri, kulturel kodlari ve bunlarin sekillendirdigi dusunce ve davranis kaliplari vardir. Bunlari anlamak ve cesitli ongorulerde bulunabilmek icin; bu donemlerin kusaklar uzerinden ele alinmasi daha gercekci sonuclara ulasabilmek icin yararli gorunmektedir. Bu calismada kusak olgusu, kusak dongulerine rastlayan, dunyayi, tuketimi, pazarlamayi ve tuketiciyi etkileyen onemli kirilmalar esliginde incelenmektedir. Gelecegin tuketici profilini belirlemek, ancak bu kusaklarin ozelliklerini, hayati algilayis sekillerini ve ideallerini anlamakla mumkun gorunmektedir",https://dergipark.org.tr/tr/pub/oybd/issue/16339/171095,,2012-06-01
Caliphate Redefined: The Mystical Turn in Ottoman Political Thought,"HüseyinYılmaz’s Caliphate Redefined: The Mystical Turn in Ottoman Political Thought,the product of many years of research, is a seminal work in the history ofOttoman political thought. The book focuses on Ottoman political thought duringthe reign of Süleyman I (1520-1566) but connects this period more broadly withthe rise of mystical conceptions of political authority in the post-Abbasidera. To do this, the author creatively and uniquely examines and engages inmany different genres and texts that were “limited to Rumi expositionsof political thought that include Ottoman authors who either dedicated theirworks to the sultan or lived in the core provinces of Asia Minor and theBalkans” (p. 10). Moreover, the author takes the intellectual exchanges betweenthis cultural geography and the wider cultural geographical expanse that hasbeen recently dubbed the “Balkans-to-Bengal Complex” and argues that themystical turn, which mainly indicates a Sufistic tone in the post-Abbasid era,gave shape to Ottoman political thought from the very beginning of the state tothe end of the sixteenth century.",https://dergipark.org.tr/tr/download/article-file/860995,https://doi.org/10.26570/isad.650340,2019-11-24
Yokuts Grammar: Chukchansi,,https://escholarship.org/uc/item/57s99163,,1968-01-01
METAVERSE: 'DİJİTAL BÜYÜK PATLAMADA FIRSATLAR VE ENDİŞELERE YÖNELİK ALGILAR,"Considering the preliminary definitions of Metaverse in the literature, from the communication sciences perspective, Metaverse offers a new reality, a world of meaning and cooperation opportunities. It is providing infrastructure and interaction opportunities for cultural, intellectual and economic production. It is possible to describe Metaverse as a social-cyber space that uses different advanced technologies simultaneously and in an integrated manner. This research is seeking answers for the following questions: &amp;quot;What is the thematic distribution of the comments that include the perception of opportunity and concern regarding the Metaverse?&amp;quot; and “What is the distribution of user engagement in comments that include the perception of opportunity and concern regarding the Metaverse?”. In this context, the word &amp;quot;metaverse&amp;quot; was searched on Youtube and a video in Turkish, which is heavily watched, was chosen as the data source. The comments written by the users to this video were categorized in a thematic way to determine the perceptions of opportunity and anxiety about the Metaverse, and it was aimed to understand the reasons that play a role in the emergence of these perceptions. Comments of users have been categorized under following themes: Attempt to Make Sense of Technology via Works of Art; Feedback to Creator of Video; Focusing on Real Feelings, Experiences and Problems; Negative Approach and Threat Perception; Reference to Platforms That Could Be Predecessors of Metaverse; Emphasis on Economic Opportunities; Emphasis on Access Restrictions; Debates on Freedom; A Striking Innovation; Positive Approach and Opportunity Perception; Reference to Religion, Morals and Values; Ambivalence Perceptions and Inquiries; Perceptions on Ill-usage and Regulations; Potential Health Problems due to Metaverse; Reference to Technologies That Could Be A Component of the Metaverse; Perceptions on Conflict of Generations. The themes that receive the most interaction on average are as follows: Emphasis on Economic Opportunities; Feedback to Creator of Video; Potential Health Problems due to Metaverse; Focusing on Real Feelings, Experiences and Problems.",https://dergipark.org.tr/tr/download/article-file/2083286,https://doi.org/10.21645/intermedia.2021.109,2021-12-31
SOSYAL BİLİMLERDE İÇERİK VE SÖYLEM ANALİZİ,"One of the factors that makes a research or study scientific is to determine research techniques in accordance with research methodology. Research techniques are tools about data collection, sorting and analysis along with interpretation and dissemination of findings of a research, study or project. Thus, it is very important to select and apply appropriate research techniques in a research process. This study reviews and explains content and discourse analysis techniques, which have become to be widely utilized in interdisciplinary social science studies. In this paper, first, the types of content analysis (quantitative, qualitative and mixed content analysis) are reviewed. The traits of each type are explained and a discussion is presented regarding such issues as how and where to use each different type and how to carry out and complete each technique in different research settings. In the last section, discourse and critical discourse analysis techniques are discussed. The two most common types of discourse analysis (by Foucault and van Dijk) are examined. The subject is clarified by providing the examples of application of both content and discourse analyses.",https://dergipark.org.tr/tr/download/article-file/1320529,https://doi.org/10.30794/pausbed.803182,2020-12-03
Madde Güçlük İndeksi ve Madde Ayırt Edicilik İndeksine Dayalı Çeldirici Analizi,"One of the most important factors that should be examinedwhen determining the performance of a multiple-choice item in the measuringinstrument is the effectiveness of distractors. The performance of the itemsformed with effective distractors is higher. At this point, the process ofpreparation of distractors also plays an effective role. It is important tonote that a strong and effective distractor does not carry any informationabout the correct answer. Investigating the reason why respondents chosedistractors in a measuring instrument consisting of quality items is animportant part of the item analysis process. When calculating item statisticsduring the known item analysis process, wrong answer options, i.e. distractors,are not included in the calculation. In distractor analysis, the power of thesefalse answer options, which are not included in item analysis, is investigatedand comments are made on the quality of these options. Thus, it is possible tohave an idea of how the item of interest works in the measuring instrument. Inthis study, Statistical Literacy Test was applied to the students of theDepartment of Econometrics, Faculty of Economics and Administrative Sciences,Karadeniz Technical University, and distractor analysis was conducted for theitems covered by the test. The analyzes were performed with the help of Rsoftware. Based on the results obtained, comments were made about whether thedistractors in the items were effective and strong.",https://dergipark.org.tr/tr/download/article-file/924662,https://doi.org/10.17714/gumusfenbil.615465,2019-12-31
Çocuk ve Genç Psikolojik Sağlamlık Ölçeği’nin (ÇGPSÖ) Psikometrik Özellikleri: Geçerlilik ve Güvenirlik Çalışması,"The aim of this study is to investigate the psychometric properties of Child and Youth Resilience Measure (CYRM). Data was gathered from 256 students studying different high and middle school in Isparta. The age of students ranged from 11 to 16 and the age mean was 13.05 (SD= .97). The participants were 44 % female and 56% male. The exploratory and confirmatory factor analysis results indicated that a total of 51.28 % the variance was accounted for by a factor. Convergent validity was examined by using self-efficacy and positive negative affect, and the results showed that the measure positively correlated with self-efficacy and positive affect while negatively correlated with negative affect. The internal consistency of the measure was assessed by using Cronbach’s alpha coefficient. The Cronbach alpha coefficient of CYRM was .91. These results indicate that the CYRM can be used to assess resilience in child and youth in Turkey",http://dergipark.org.tr/download/article-file/57186,https://doi.org/10.12984/eed.23397,2015-07-15
The Mainz Meeting Proceedings of the Seventh International Conference on Turkish Linguistics,,https://hdl.handle.net/11352/718,,1999-04-01
Türkiye de Öğrencilerin Akademik Başarısını Etkileyen Faktörler:,"Öz: Bu çalışmanın amacı, Türkiye'de öğrencilerin akademik başarısını etkileyen faktörlerin",https://doi.org/10.16986/huje.2016015868,https://doi.org/10.16986/huje.2016015868,2016-02-15
Suriyeli Öğrencilerin Okula Uyumları Hakkında Öğretmen Görüşleri,"Sonuç ve Öneriler: Araştırmanın bulgularına dayalı olarak, Suriyeli öğrenciler için planlı bir eğitim ve uyum programı hazırlanması ve öğretmenlere hizmet içi eğitim verilmesi önerilmektedir. Bulgular: Araştırmanın bulgularına göre, Suriyeli öğrencilerin yaşadıkları en büyük problemin Türkçe bilmemeleri ve akranları ile uyum sorunu yaşamaları olduğu; sınıfında Suriyeli öğrenci bulunan öğretmenlerin yaşadıkları en büyük problemlerin ise, Suriyeli öğrencilerle iletişim kuramamak ve onları eğitim-öğretim sürecine katamamak olduğu tespit edilmiştir. Yöntem: Araştırmada nitel araştırma yöntem ve teknikleri kullanılmıştır. Araştırma verileri, yarı yapılandırılmış görüşmeler yoluyla toplanmış ve içerik analiziyle çözümlenmiştir. Problem durumu: Bu çalışmanın amacı, eğitimlerine Türkiye’deki okullarda devam eden Suriyeli çocukların okula uyum süreçleri hakkında öğretmenlerin görüşlerinin alınmasıdır.",https://dergipark.org.tr/en/download/article-file/480383,https://doi.org/10.24106/kefdergi.428598,2018-05-30
ÜNİVERSİTE ÖĞRENCİLERİNİN MESLEK SEÇİMİNİ ETKİLEYEN ETMENLERİN İNCELENMESİ: ÜNİVERSİTE ÖĞRENCİLERİNİN MESLEK SEÇİMİ,"Kendine uygun meslekte olan bireyler toplumda işlerini isteyerek yapar, mesleğinde ilerler, mutlu ve verimli olarak yaşamlarını sürdürürler. Bu tanımlayıcı çalışma üniversite öğrencilerinin meslek seçimini etkileyen faktörleri incelemek amacıyla yapılmıştır. Ege Üniversitesine yeni kayıt yaptıran ve rastgele tabakalama örnekleme tekniği ile seçilen 1000 öğrenci araştırmanın örneklemini oluşturmuştur. Verilerin toplanmasında anket formu kullanılmıştır. Verilerin analizinde ki-kare testi kullanılmıştır. Öğrencilerin %41.6’sının meslekle ilgili olumlu görüşleri nedeniyle, %34.4’ü çeşitli nedenlerle çaresizlik yaşadığı ve açıkta kalmamak için, %39.6’sı meslekle ilgili avantajları olduğunu düşündüğü için, %33.5’i ise başkalarının önerileri ile bu mesleği seçtiği bulunmuştur. Öğrencilerin büyük çoğunluğu meslekle ilgili olumlu görüşleri olduğu için okuduğu bölümü seçmişlerdir. Aldığı puanın, puan türünün, tercih sırasının, anne eğitim düzeyinin ve mesleğinin, öğrencilerin meslek seçimini etkilediği bulunmuştur. Umutsuzluk ve başkalarının önerileriyle mesleğini seçme oranının, mesleğini en son sıralarda tercih edip kazanan öğrencilerde, diğerlerine oranla daha yüksek olduğu bulunmuştur. Geliri giderinde yüksek olan öğrencilerde fen bilimleri bölümünü seçme oranı daha yüksek bulunmuştur.",https://dergipark.org.tr/tr/pub/tebd/issue/26107/275067,,2009-06-01
Covid-19 Pandemisi Sürecinde Yükseköğretim Kurumlarının Uzaktan Eğitime Yönelik Stratejileri: Fırat Üniversitesi Örneği,"Küresel çapta yaşanan covid-19 salgını sürecinde ülkeler bir dizi önlem planı almıştır. Alınan önlem planları arasında eğitim-öğretim faaliyetlerinin durdurulma kararı da bulunmaktadır. Bu çalışmada, belge tarama yöntemi ile salgının yoğun olarak görüldüğü ülkelerde bulunan üniversitelerin eğitim öğretim faaliyetlerini pandemi sürecinde nasıl yönettiği ve durum çalışması yönteminin program yürütme durum çalışması türü ile Türkiye’ de faaliyet gösteren Fırat üniversitesi örneği incelenmiştir. Sonuç olarak, üniversitelerin eğitim-öğretim sürecinde uzaktan eğitim platformunu kullanmayı seçerek ortak sistemler kullandığı görülmüştür. Avrupa’ da ve Türkiye’de üniversitelerin işleyişlerinin farklı olmasına rağmen seçilen yöntemlerin ve kullanılan servis sağlayıcılarının aynı olduğu görülmüştür. Uzaktan eğitim sürecine geçişte önemli olan unsurların; nitelikli insan gücü, teknoloji okuryazarlığın oranı, teknolojik altyapı durumu, acil durum eylem planı yönetimi olduğu görülmüştür. Bu çalışma üniversitelerin risk yönetimlerinde değindiği eğitimin belirli bir süre durması riskine karşı yapılabilecekler konusunda ülkelerin, kurumların ve üniversitelerin verdiği reaksiyonları, kullandığı yöntemleri, uygulamalardaki farklılıkları ortaya koymaktadır. Ayrıca bu çalışma Türkiye’ de eğitim-öğretim, ar-ge faaliyetleri gösteren Fırat üniversitesinin pandemi sürecinde aldığı önlemleri ve uzaktan eğitim süreci içinde yapılanları ortaya koyarak pandemi sonrası yapılacak çalışmalara öneriler sunmaktadır.",https://dergipark.org.tr/tr/download/article-file/1108982,https://doi.org/10.33907/turkjes.721685,2020-05-18
ÜRETİM İÇİN YENİ BİR İZLEK: SANAYİ 4.0,"Son yıllarda, başta gelişmiş pazar ekonomileri olmak üzere, uluslararası değer zincirinin halkalarını oluşturan çokuluslu şirketlerin gündeminde Sanayi 4.0 kavramı ve bu kavramın imalat ve hizmet alanlarındaki olası yansımaları önemli bir yer tutmaktadır. 4. Sanayi Devrimi olarak da isimlendirilen bu yeni süreç, otomasyonun bir üst düzeyine işaret etmektedir. Sanayi 4.0’ın ayırt edici özelliği, üretim süreçleri içerisinde yer alan tüm araç ve makinaların sensorler ve internet aracılığıyla karşılıklı etkileşime geçerek üretimi eş-anlı düzenlemeleridir. Üretim için gerekli verinin bulut sistemi içerisinde depolanacağı sanayinin bu yeni formunda mekan ve zaman katılıklarının aşılması öngörülmektedir. İleri mühendislik ve sistemler arası tam entegrasyonu içeren Sanayi 4.0’ün, uluslararası alanda ucuz işgücüne dayalı rekabet yerine yüksek katma değerli üretime dayalı rekabeti geçirmesi beklenmektedir. Özellikle gelişmekte olan ülkeler için Sanayi 4.0’ün anlaşılıp ulusal sanayilere entegrasyonu, bu ülkelerin uluslararası işbölümünde üstlenecekleri yeni rolleri de belirleyecektir. Bu çalışmada, dünyada 2011 yılından itibaren kavramsallaştırılan Sanayi 4.0’ün temel özellikleri ve olası yansımaları tartışılmaktadır.",https://journals.gen.tr/index.php/jlecon/article/download/73/57,https://doi.org/10.15637/jlecon.129,2016-04-28
Doğal Afetlerin Çocuklar ve Ergenler Üzerindeki Etkileri,"Doğal afetler öngörülemeyen, etkileyeceği alan ve etki düzeyi tahmin edilemeyen, çok fazla sayıda can ve mal kayıpları ile sonuçlanabilen doğa olaylarıdır. Dünya genelinde ve ülkemizde her yıl birbirinden farklı doğal afetlerin yaşandığına ve bu afetlerin sonuçlarının toplumlar üzerindeki etkilerine şahit oluyoruz. Çocuklar ve ergenler afetlere maruz kalan ve afetlerden etkilenen grupların en hassas ve savunmasız bireyleridir. Her yıl dünya üzerinde milyonlarca çocuk ve genç doğal ve insan kaynaklı afetlere maruz kalmakta ve bu afetlerden farklı şekillerde etkilenmektedir. Bu çalışma, doğal afetlerin çocuklar ve gençler üzerindeki etkilerine yönelik farkındalık oluşturmak amacıyla yapılmıştır. Başta Yöktez, Google Scholar, Dergi Park, EM-DAT, Science Direct, PubMed, Psikiyatri ve Psikoloji Araştırmaları Dergisi, Uluslararası Aile Çocuk ve Eğitim Dergisi olmak üzere konu ile ilgili bilgi erişimini sağlayan veri tabanları kullanılarak, afet, doğal afet, afet etkileri, afetler ve çocuklar, afetler ve gençler, çocuk gelişimi araştırmamıza temel teşkil eden gruplar kullanılarak elde edilen tezler ve makaleler irdelenmiştir. Konu ile ilgili çalışmalar; ilerde yapılacak yeni araştırmalara veri tabanı olabilecek şekilde genel olarak değerlendirilerek ve yorumlanarak bir araya getirilmiştir.",http://dacd.artvin.edu.tr/en/download/article-file/691580,https://doi.org/10.21324/dacd.500356,2019-04-09
Covıd-19 Belırsızlıgınde Egıtım: Ilkokulda Zorunlu Uzaktan Egıtıme Ilıskın Ogretmen Goruslerı,"Bu araştırmanın amacı Covid 19 salgını sonucu gerçekleşen zorunlu uzaktan eğitim uygulamasına ilişkin öğretmen görüşlerinin incelenmesidir. Araştırmada nitel olgubilim çalışması yöntemi kullanılmıştır. Araştırmanın verileri Ankara ili Yenimahalle ilçesi ilkokul kademesinde 2019-2020 eğitim öğretim yılı bahar dönemi uzaktan eğitim yürütmekte olan sınıf öğretmenlerinden toplanmıştır. Görüşme tekniği ile toplanan nitel veriler içerik analizi kullanılarak çözümlenmiştir. Çalışma sonucunda öğretmenler, akademik, sosyal, rahatlık, zaman, teknoloji, psikolojik, motivasyon, empati, sorumluluk, inovasyon ve veliler temalarında uzaktan eğitime ilişkin olumlu görüşler belirtmişlerdir. Öte yandan öğretmen görüşleri, erişim, motivasyon, teknoloji bağımlılığı, hazırbulunuşluk, bakış açısı, sınıf yönetimi, hareketsizlik, veliler ve rahatlık kodlarında olumsuzdur.",https://dergipark.org.tr/tr/download/article-file/1101246,https://doi.org/10.29065/usakead.736643,2020-08-27
ÖĞRETMENLERİN UZAKTAN EĞİTİME İLİŞKİN GÖRÜŞLERİ,": COVİD-19 salgını nedeniyle tüm dünyada ve ülkemizde en çok kullanılan eğitim yöntemi haline gelen uzaktan eğitim sürecini öğretmen görüşlerine göre incelemeyi amaçlayan bu çalışma ile öğretmenlerin görüşleri ile ilgili toplanacak verilerin ileride yürütülecek uzaktan eğitim uygulamalarına yön vermesi amaçlanmaktadır. Bu araştırma için nitel ve nicel araştırma yöntemlerinin bir arada kullanıldığı karma yöntem deseni kullanılmıştır. Bu araştırmanın çalışma grubunu farklı il/ilçelerde koronavirüs sebebi ile uzaktan eğitime dahil olan farklı sınıf seviyelerinde derse giren 418 öğretmen oluşturmaktadır. Çalışma grubu seçkisiz olmayan örnekleme yönteminden uygun/kazara örnekleme ile oluşturulmuştur. Araştırma verileri araştırmacılar tarafından hazırlanan “Öğretmenlerin Uzaktan Eğitim Algıları Ölçeği” ile araştırmacılar tarafından toplanmıştır. Çalışma grubunu oluşturan bireyler ile internet üzerinden anket uygulanarak veriler araştırmacılar tarafından toplanmıştır. Araştırma sonuçlarına göre öğretmenlerin görev yaptıkları okul türüne, öğretmenlerin görev yaptığı okulun bulunduğu il/ilçeye, öğretmenlerin cinsiyetlerine, yaşadıkları şehirlere, görev yaptıkları kıdem yılına, öğretmenlerin kademe ilerleme derecelerine, branşlarına, eğitim verdikleri sınıf seviyelerine, uzaktan eğitim için bağlantı kurdukları cihaza, derslerini yaptıkları yerlere göre uzaktan eğitime ilişkin olumlu görüş oluşturmada herhangi bir farklılık oluşturmadığı görülmektedir. Bu çalışma, gelecekte yapılacak olan uzaktan eğitim faaliyetlerine ışık tutması açısından önemlidir.",https://dergipark.org.tr/tr/download/article-file/1264622,https://doi.org/10.37669/milliegitim.787959,2020-12-09
ÖZ-ŞEFKAT ÖLÇEĞİ KISA FORMU’NUN TÜRKÇE UYARLAMASI: GEÇERLİK VE GÜVENİRLİK ÇALIŞMASI,"Bu araştırmada Öz-Şefkat Ölçeği Kısa Formu’unun Türkçe versiyonunun ergenler üzerindeki psikometrik özelliklerini incelemek amaçlanmıştır. Bu amaçla 400’ü ortaokul ve 400’ü lise öğrencisi olan 800 ergenden veri toplanmıştır. Ölçeği psikometrik özelliklerini incelemek amacıyla yapı geçerliliği, ölçüt bağıntılı geçerliliği, iç tutarlık katsayısı ve test-tekrar test güvenilirliği ele alınmıştır. Elde edilen bulgulara göre orijinal formda bulunan 10. madde .30’un alında faktör yükü olması sebebiyle ölçekten çıkarılmıştır. AFA sonucu ölçeğin tek faktörlü bir yapı gösterdiği, bu faktörün iki alt bileşenden oluştuğu görülmüştür. Yapılan DFA’da ölçeğin faktör yapısı doğrulanmıştır. Aynı zamanda ergenlerin öz-şefkat puanlarıyla öznel iyi oluş puanları arasında orta düzey pozitif bir ilişki saptanırken, öz-şefkat puanlarıyla kendine şefkat vermekten korkma puanları arasında orta düzey negatif bir ilişki saptanmıştır. Ölçeğin iç tutarlılık katsayısı ,75 olarak hesaplanmıştır. Son olarak 17 gün araya uygulanan test-tekrar test ölçümleri arasında yüksek düzey bir ilişki olduğu görülmüştür. Sonuç olarak Öz-Şefkat Ölçeği Kısa Formu'nun 11 maddeden ve tek boyuttan oluşan bir ölçek olarak Türk ergenlerin öz-şefkat düzeyini ölçme konusunda geçerli ve güvenilir bir ölçme aracı olduğu söylenebilir.",https://dergipark.org.tr/en/download/article-file/611437,https://doi.org/10.17240/aibuefd.2018.18.41844-452171,2018-12-28
Blok Zinciri Teknolojisi,"Günümüzde sosyal medya, bankacılık uygulamaları ve gelişmekte olan diğer teknolojiler cihazların büyük miktarda veri üretmesine neden olmaktadır. Bu verilerin kontrol, yönetim, bakım süreçleri ve güvenli bir şekilde paylaşılması gün geçtikçe daha da önem kazanmaktadır. Finans sektörünün liderliğinde veri depolama ve veri yönetim arayışlarına her geçen gün yeni bir bakış açısı veya teknoloji eklenmektedir. Bunun son ve en popüler örneklerinden biri Blok zinciri (Blockchain) teknolojisidir. Kripto para birimi Bitcoin’le en popüler zamanına ulaşan Blok zinciri teknolojisinin sadece bir sanal para birimi teknolojisi olmadığı açıktır. Bu araştırma Blok zinciri teknolojisini derinlemesine ele almakta, çeşitleri, mimarisi, çalışma prensibi, kullanım alanlarını inceleyerek bu teknolojiyi çeşitli kriterler açısından geleneksel veritabanı yönetim sistemleri ile karşılaştırmaktadır. Araştırma sonuçları merkezi yapıyı sonlandıran ve güvenliği ön planda tutan bu teknolojiye hızlı bir şekilde adapte olunması gerektiğini ortaya koymaktadır.",https://dergipark.org.tr/tr/download/article-file/1081395,https://doi.org/10.17671/gazibtd.516990,2020-04-30
Perceived Stress Level and Anxiety Levels in İndividuals in Covid-19 Outbreak,"Bu araştırmanın amacı Covid-19 salgınında bireylerin algıladığı stres ve kaygı düzeylerini çeşitli değişkenlere göre incelemektir. Araştırma tarama modelinde yapılmış, betimsel bir çalışmadır. Araştırmanın çalışma grubunu Giresun ilinde çeşitli mesleklerde görev yapan 303 kişi (%51’i kadın, %49 ‘u erkek) oluşturmaktadır. Veri toplama aracı olarak Cohen, Kamarck ve Mermelstein (1983) tarafından geliştirilen Eskin ve diğerleri tarafından (2013) Türkçeye uyarlanan Algılanan Stres Ölçeği ile Spielberger ve diğerleri (1970) tarafından geliştirilen Öner ve Le Compte (1983) tarafından Türkçeye uyarlanan Durumluk-Sürekli Kaygı Ölçeği ve kişisel bilgi formu kullanılmıştır. Araştırma için Ondokuz Mayıs Üniversitesi Sosyal ve Beşerî Bilimler Araştırmaları Etik Kurulu’ndan 17.04.2020 tarihinde 2020/163 karar sayısı ile yazılı etik kurul izni alınmıştır. Araştırmanın verileri Google forms aracılığıyla toplanmıştır. Verilerin analizinde betimleyici istatistikler kullanılmıştır. İki parametreye sahip değişkenlere ilişkin karşılaştırmalarda bağımsız değişkenler t testi, ikiden fazla parametreye sahip olan değişkenlere ilişkin karşılaştırmalarda One Way ANOVA testi uygulanmıştır. Sayısal değişkenler arasındaki ilişkiler için Pearson korelasyon analizi kullanılmıştır. Araştırmanın katılımcılarının %51’nin kadın, % 43,6’sının 30-39 yaş aralığında, % 61,4’ünün lisans mezunu, % 89’unun herhangi bir ruhsal sorunu olmadığı, %67’sinin koronavirüs salgını sürecinde korunmaya çalıştığı, % 84’ünün koronavirüs salgını sürecinde kaygısının arttığı, %87’sinin koronavirüs salgını sürecinde el yıkama alışkanlığının arttığı bulunmuştur. Araştırmadan elde edilen sonuca göre katılımcıların algıladıkları stres düzeyinin orta düzeyde olduğu belirlenmiştir. Araştırmada bireylerde algılanan stres ile durumluk kaygı ve sürekli kaygı arasında orta düzeyde pozitif yönde anlamlı bir ilişki olduğu bulunmuştur. Kadınların algılanan stres ve kaygı düzeylerinin erkeklerden daha yüksek olduğu saptanmıştır. Bekar katılımcıların algılan stres düzeyinin evli katılımcılara göre daha yüksek olduğu belirlenmiştir. Araştırmada yaş gruplarına ve mesleklere göre bireylerin algılanan stres ve kaygı düzeyleri arasında anlamlı farklılıklar olduğu bulunmuştur. Araştırmadan elde edilen sonuçlara göre bireylerin ruhsal durumlarına olumlu etki sağlamak amacıyla travmatik durumlarla etkili başedebilmeye yönelik psikoeğitim verilmesi önerilmektedir.",https://doi.org/10.7827/turkishstudies.44397,https://doi.org/10.7827/turkishstudies.44397,2020-01-01
Sınıf Öğretmenlerinin Dijital Okuryazarlık Düzeylerinin İncelenmesi,"Dünyada olduğu gibi ülkemizde de hız kesmeden gelişen teknoloji çalışmaları eğitimde de kendini göstermektedir. COVİD19 pandemi nedeniyle eğitimin ulusal çapta zorunlu olarak uzaktan yapılmasıyla eğitimde teknoloji kullanımı zorunlu hale gelmiştir. Bu süreç dijital yerli olarak adlandırılan günümüz öğrencilerine sürece uyum sağlamasının kendini geliştiren ve teknolojiyi derslerde kullanabilen öğretmenler ile mümkün olduğunu göstermiştir. Bu durumda öğretmenlerin dijital okuryazarlık becerileri uzaktan eğitimin verimliliği açısından önemlidir. Bu çalışmada, sınıf öğretmenlerinin dijital okuryazarlık becerilerinin çeşitli değişkenlere bağlı olarak incelenmesi amaçlanmıştır. Bu çalışma nicel araştırma yöntemlerinden tarama modeli kullanılarak gerçekleştirilmiştir. Çalışmaya Türkiye’nin yedi bölgesinden toplamda 41 ilde görev yapan 329 sınıf öğretmeni gönüllü olarak katılmıştır. Çalışmada veri toplama aracı olarak “Kişisel Bilgi Formu” ve “Dijital Okuryazarlık Ölçeği” kullanılmıştır. Araştırmadan elde edilen bulgulara göre araştırmanın birinci alt problemine ilişkin bulgularda sınıf öğretmenlerinin kendilerini yüksek düzeyde dijital okuryazar gördükleri sonucuna ulaşılmıştır. Cinsiyet değişkenine göre dijital okuryazarlık düzeylerine bakıldığında kadın ve erkek öğretmenlerin benzer düzeyde dijital okuryazar oldukları sonucuna ulaşılmıştır. Sınıf öğretmenlerinde yaş arttıkça dijital okuryazarlık düzeyinin azaldığı görülmüştür. Ayrıca lisans üstü eğitime sahip öğretmenlerin dijital okuryazarlık düzeyleri diğer öğrenim düzeyindeki öğretmenlere kıyasla daha yüksek bulunurken, 21-25 yıl kıdeme sahip öğretmenlerin dijital okuryazarlık düzeyleri diğer kıdemdeki, öğretmenlere göre daha düşük bulunmuştur. Öğretmenlerin günlük internet kullanım ve günlük dijital araçları kullanım sürelerine bakıldığında anlamlı bir farklılaşma görülmemiştir.",https://dergipark.org.tr/tr/download/article-file/1544507,https://doi.org/10.18094/josc.871290,2021-04-16
Sınıf Öğretmenlerinin Mülteci Öğrencilere Yönelik Tutumlarının Çeşitli Değişkenler Açısından İncelenmesi,"Bu araştırmanın amacı, sınıf öğretmenlerinin mülteci öğrencilere yönelik tutumlarını incelemektir. Bu amaçla üç alt boyuttan oluşan 24 maddelik Mülteci Öğrenci Tutum Ölçeği (MÖTÖ) geliştirilmiştir. Cronbach Alpha güvenirlik katsayısı .91 olan ölçeğin alt boyutları &amp;quot;iletişim&amp;quot;, &amp;quot;uyum&amp;quot;, &amp;quot;yeterlik&amp;quot;tir. Ölçek, 2016-2017 eğitim öğretim yılında Sakarya İlinde çalışan 267’si kadın (%53), 234’ü (%47) erkek olmak üzere toplam 501 sınıf öğretmenine uygulanmıştır. Kolmogorov-Smirnov testi sonucunda dağılımların normal olduğu sonucuna ulaşılmıştır. Cinsiyet, sınıfta mülteci öğrenci olup olmama durumu için t-testi; okul çevresinin bulunduğu sosyoekonomik düzey değişenleri için tek yönlü varyans analizi yapılmıştır. Araştırma sonucunda öğretmenlerin cinsiyetlerine göre mülteci öğrencilere yönelik tutumlarının “yeterlik” boyutunda erkek öğretmenler lehine; okulun bulunduğu sosyoekonomik çevreye göre orta sosyoekonomik çevre lehine; sınıflarında mülteci öğrenci olup olmama durumuna göre “iletişim” boyutu hariç sınıflarında mülteci öğrenci bulunan öğretmenler lehine anlamlı bir şekilde farklılaştığı bulunmuştur.",https://dergipark.org.tr/en/download/article-file/341362,https://doi.org/10.19126/suje.335877,2017-08-23
Türkiye’nin enerji potansiyeli ve yenilenebilir enerji kaynaklarının elektrik enerjisi üretimi açısından önemi,"Dünyada enerji kaynaklarına olan ihtiyaç her geçen gün artarak devam etmektedir. Özellikle gelişmekte olan ülkelerde nüfus artışı, sanayileşme, insanların refah seviyesinin yükselmesi ve teknolojik gelişmelere paralel olarak önümüzdeki yıllarda enerji talebi daha da yoğun olacaktır. Fosil enerji kaynaklarının dünyada ciddi çevre sorunlarına yol açması, rezervlerinin yakın gelecekte tükenecek olması, kaynak ülkelere bağımlılığın çeşitli siyasi ve ekonomik sorunlara yol açması ve fiyat istikrarsızlıkları gibi nedenlerden dolayı yenilenebilir enerji kaynaklarına olan ilgi artmıştır. Özellikle gelişmiş ülkelerde yenilenebilir enerji kaynakları olan hidrolik, rüzgar, jeotermal, güneş, biyoküte, dalga, hidrojen vb. enerji kaynaklarından başta elektrik üretimi olmak üzere çeşitli yollarla yaralanılmaktadır. Tüm bu gelişmelere rağmen fosil enerji kaynaklarının dünya birincil enerji kaynakları tüketimindeki üstünlüğü tartışmasız bir şekilde devam etmektedir ve kısa vadede bu üstünlüğünü korumaya devam edecektir. Gelişmekte olan bir ülke olan Türkiye'nin de artan nüfus ve büyüyen ekonomisine paralel olarak enerji kaynakları tüketimi yükselerek devam etmektedir. Mevcut enerji yapısı % 72 oranında dışa bağımlı olan Türkiye, bu oranı azaltabilmek için bir yandan sınırları içinde fosil enerji kaynakları hammaddesi arama çalışmaları yürütürken, diğer yandan da yenilenebilir enerji kaynaklarının potansiyelinin belirlenmesi ve kullanımı konusunda çalışmalar yapmaktadır. Bu şekilde ithal enerji kaynaklarına olan bağımlılık azalırken, enerji kaynakları da çeşitlendirilecektir. Bu çalışmada Türkiye'nin mevcut enerji potansiyeli ortaya konmuş ve bu enerji kaynaklarının elektrik enerjisi üretimi içindeki payları ve gelişimi verilmiştir. Özellikle yenilenebilir enerji kaynakları potansiyelin önümüzdeki yıllarda yeterli olup olmayacağı tartışmalarına cevap aranmıştır",https://doi.org/10.1501/csaum_0000000064,https://doi.org/10.1501/csaum_0000000064,2012-01-01
COVİD-19 PANDEMİSİ: PSİKOLOJİK ETKİLERİ VE TERAPÖTİK MÜDAHALELER,"Çin’de başlayan ve tüm dünyayı etkileyen Covid-19 pandemisinin sosyal, siyasal, ekonomik ve psikolojik yansımaları yaşamımızın ortasına aniden konumlanan yadsınamaz bir gerçeklik olmuştur. Bireylerin hem fiziksel hem de psikolojik sağlığını tehdit eden Covid-19 salgını %0,5 ile %3 arasında değişen ölüm riskine sahip olup ortaya çıkışından kısa bir süre sonra hayatlarımızı geri dönüşü olmayan sonuçlarla değiştirmiştir. Ortaya çıkış nedeninin tam olarak bilinememesi, virüsün kontrol altına alınamaması ve dünyadaki tüm bireylerinin potansiyel risk altında olması salgını küresel bir travmaya dönüştürmüştür. Artan depresyon, kaygı, sağlık anksiyetesi, yalnızlık, sosyal izolasyon, damgalama ve finansal zorluklar ile değişen iş ve çalışma koşulları, sağlık çalışanları için ikincil travmatizasyon, ailelerinden ayrı kalma gibi birçok sonucu beraberinde getirmekte olup salgın esnasında ve sonrasındaki psikolojik müdahalelerin gerekliliği, önemi ve kapsamı açıkça ortaya konmuştur. Salgının epidemolojisi ve ruh sağlığına etkilerinin yanında bireysel farklılıklar, risk gruplarının psikolojik etkileri ile terapötik önleme ve müdahale çalışmaları kapsamında izlenmesi gereken adımlar literatürdeki bulgular ışığında değerlendirilmiştir.",https://dergipark.org.tr/tr/pub/iticusbe/issue/55168/753233,,2020-06-27
"Acil Uzaktan Eğitim Sürecinin Analizi: Öne Çıkan Kavramlar, Sorunlar ve Çıkarılan Dersler","COVID-19 pandemi süreciyle birlikte, dünya üzerinde tüm yaş gruplarından yaklaşık bir buçuk milyar öğrenci yüz yüze eğitimden uzaktan eğitim faaliyetlerine geçiş yapmıştır. Acil uzaktan eğitim (AUE) olarak adlandırılan bu eğitsel tepki, pandemi sürecinin getirdiği eğitsel olumsuzluklara hızlı ve olumlu bir cevap vermiştir. Eğitimciler için, AUE süreçlerindeki paydaş deneyimleri ve gerçekleştirilen uygulamaların doğru yorumlanması, pandeminin olası ilerleyen dönemlerinde veya pandemi sonrası için sürdürülebilir ve planlı uzaktan eğitim faaliyetlerinin gerçekleştirilebilmesi bağlamında kritik öneme sahiptir. Bu çalışmada COVID-19 pandemi sürecinde dünya genelinde yapılmış AUE araştırmaları içeriksel olarak analiz edilmiş, AUE sürecinde bazı betimsel-tanımlayıcı veriler, öne çıkan kavramlar, sorunlar, ve çözüm önerileri incelenmiştir. Araştırma kapsamında bilimsel makaleler, tam metin bildiriler ve bilimsel kitap bölümlerinden faydalanılmış, verilerin yorumlanması aşamasında gri literatürden de faydalanılmıştır. Araştırmada analiz edilen çalışmalar; SCOPUS, Web of Science, Science Direct, Emerald Insight, IEEE Xplore, ACM Digital Library, EBSCO host research databases (Academic Search Premier, H.W. Wilson, British Education Index, ERIC vb.), JSTOR ve Google Akademik veri tabanları aracılığıyla toplanmıştır. Araştırma kapsamında toplamda 2535 araştırmaya ulaşılmış, bunların 252’si detaylı incelenerek 152’si analize dahil edilmiştir. Analiz sürecinde tematik analiz ve betimsel analizden yararlanılmıştır. Pandemi dönemi AUE sürecinde öne çıkan kavramlar beş, yaşanan sorun ve kısıtlar on bir ve çözüm önerileri ise altı anatema altında kategorilendirilmiştir. Araştırma bulguları, pandemi döneminde AUE konu alanında gerçekleştirilen çalışmaların çoğunlukla yükseköğretim alanında ve genellikle gelişmiş ülkelerde yapıldığını göstermektedir. Bununla beraber dijital uçurumun öne çıkan kavram ve sorunlar başlıklarında öne çıkan gerçeklik olduğu görülmektedir. Çalışma sonucunda, araştırma kapsamında elde edilen bulgular dahilinde, planlı uzaktan eğitim faaliyetleri için farklı kategori ve içeriklerle ilgili önerilerde bulunulmuştur.",https://dergipark.org.tr/tr/download/article-file/1660099,https://doi.org/10.18037/ausbd.902616,2021-03-24
The Views of Theology Faculty Students on Distance Education in the Coronavirus (Covid-19) Process,"Yeni Koronavirüs (2019-nCoV) 2019 yılı Aralık ayında Çin’de çıkan daha sonra başta Asya bölge ülkeleri olmak üzere kısa sürede birçok ülkeye yayılarak tüm dünyayı etkileyen bir Pandemi hastalığıdır. Pandemi sürecinin bir sonucu olarak bir milyarın üzerinde öğrencinin geleneksel eğitim ortamlarından uzaklaşmıştır. Ülkeler eğitimdeki bu zorunlu boşluğu, uzaktan eğitim platformlarıyla kapatmaya çalışırken, bu sürecin eğitim üzerindeki olumsuz etkilerini en az indirmeye çalışmaktadırlar. Tüm dünyada beklenmedik bir şekilde eğitim kurumlarının kapatılması ve karantina günleri nedeniyle evde dijital platformlardan eğitim sürdürülmeye ve desteklenmeye başlanması doğal olarak online eğitimi ya da bir diğer adıyla uzaktan eğitimi gündeme taşımıştır. Diğer dünya ülkelerinde olduğu gibi Türkiye’de bu süreçte ilköğretim, ortaöğretim ve yükseköğretimde uzaktan eğitime geçmiştir. Bu süreçte alınan önlemler sonucu yapılan online dersler ve online sınavlara ilişkin öğrencilerin görüşleri uzaktan eğitimin kalitesi, sınırlıkları, avantajlı ve dezavantajlı kısımlarını daha rahat tespit edebilmek için önemlidir. Öğrencilerden gelecek olan dönütler karşılaşılan olumsuz durumların tespit edilerek daha sağlıklı bir eğitim yapılabilmesinin önünü açacaktır. Koronavirüs (Covıd-19) sürecinde İlâhiyat Fakültesi öğrencilerinin uzaktan eğitime bakışlarını inceleyen bu çalışmada hem nicel hem de nitel araştırma yöntemleri kullanılmıştır. Araştırmaya 1212 İlahiyat Fakültesi öğrencisi katılmıştır. Araştırma soruları soruları Kocaeli Üniversitesi İlahiyat Fakültesinin 27/05/2020 tarih ve -E.34742 sayılı yazısı gereği ""Yükseköğretim Kurumları Bilimsel Araştırma ve Yayın Etiği Yönergesinde"" kurallara uygun olarak uygulanmıştır. Bu bağlamda bu çalışma Koranavirüs sürecinde yüksek din öğretimi gören İlâhiyat ve İslami İlimler Fakültesi öğrencilerinin uzaktan eğitime bakışlarını, karşılaştıkları problemleri tespit edip öneriler getirmeyi hedeflemektedir.",https://doi.org/10.7827/turkishstudies.43798,https://doi.org/10.7827/turkishstudies.43798,2020-01-01
Koronavirüs (Covid-19) pandemi süreci ve pandemi sonrası dünyada eğitime yönelik değerlendirmeler: Yeni normal ve yeni eğitim paradigması,,https://dergipark.org.tr/tr/pub/auad/issue/56247/773769,,2020-07-30
SALGIN DÖNEMİNDE GERÇEKLEŞTİRİLEN UZAKTAN EĞİTİM SÜRECİNİN DEĞERLENDİRİLMESİ,"Bu araştırmada, uzaktan eğitim sürecini öğretmen adaylarının görüşlerine dayalı olarak değerlendirmek amaçlanmıştır. Nitel araştırmalardan durum çalışması deseninde tasarlanan araştırmanın çalışma grubu ölçüt örneklem modeli ile belirlenmiştir. Okul Öncesi Eğitimi, Sınıf Eğitimi, Fen Bilgisi Eğitimi, Türkçe Eğitimi, Rehberlik ve Psikolojik Danışmanlık programlarında öğrenim gören 28 öğretmen adayı araştırmanın çalışma grubunu oluşturmuştur. Araştırmanın veri toplama sürecinde görüşmelerden yararlanılmıştır. Telefon ve e-posta görüşmeleri şeklinde gerçekleştirilen görüşmelerde elde edilen verilerin analizi betimsel analizle gerçekleştirilmiştir. Betimsel analiz sonucu elde edilen bulgular, araştırmanın alt problemleri çerçevesinde tablolar halinde sunulmuş ve alıntılarla desteklenmiştir. Araştırmada elde edilen bulgular; uzaktan eğitim süresinde derslerin öğrenme-öğretme süreci, uzakten eğitim sürecinde derslerin değerlendirme süreci, uzaktan eğitim sürecinin avantajları ve dezaavantajları, uzaktan eğitim sürecinde öğretim elemanı ve öğretmen adayı iletişimi, uzaktan eğitim sürecine yönelik öneriler şeklinde belirlenmiştir.",https://dergipark.org.tr/tr/download/article-file/1200448,https://doi.org/10.37669/milliegitim.768887,2020-12-09
