title,abstract,pdf_url,doi,publication_date
Why it’s Time to Abandon the ICER,,https://link.springer.com/content/pdf/10.1007/s40273-020-00915-5.pdf,https://doi.org/10.1007/s40273-020-00915-5,2020-05-11
An Analysis of Collocational Violations in Translation,"This study aims to raise awareness in teaching collocations to EFL/ESL students among teachers, curriculum writers, and related personnel, in the belief that collocations play a crucial role in learning the English language. The author presents the results of her research on collocational violations in translation by demonstrating the patterns of the violations and attempting to give plausible accounts for the errors so as to help avoid problems in learning a foreign/second language and promote effective communication.",http://ejournals.swu.ac.th/index.php/hm/article/view/618,,2009-02-09
Properties Testing of the Retranslated SF-36 (Thai Version)(การทดสอบคณสมบตของแบบสอบถาม SF-36 ภาษาไทยฉบบแปลใหม),"Quality of life assessment is an outcome measurement that has been increasingly focused by clinicians.At present, SF-36 (Thai version) is a widely used instrument.We previously reported validation results of the SF-36 which was proved unsatisfactory on some scales.In this study, the questionnaire was retranslated using a forward-backward method and tested on construct validity and internal consistency reliability.Four hundred and forty eight people were administered the retranslated version.Multitrait scaling analysis was used to examine the item-scale correlations and item discriminant validity.Principal component analyses were used to test for the hypothesized physical and mental dimensions of health and the pattern of scale correlations with those components (loading > 0.4; Principal component analysis; Varimax rotation).Reliability was tested by the estimation of internal consistency (Cronbach's alpha coefficients).The results showed that the rate of missing data was low (1.20%) and the highest percentage was observed on Mental health.Factor analysis yielded patterns for factor correlation of the new version were comparable to that found in the old version.However, relatively less agreement between the Thai version and the original were observed for Vitality and Role-emotional dimensions.Cronbach's alpha coefficients of the new version exceed the 0.7 level (0.72 -0.86) in all dimensions.The highest and lowest mean scores were on Physical functioning (86.1 ± 13.0) and .% Floor was highest on Roleemotional and % ceiling was on Role-physical.In conclusion, this study has yielded evidence supporting the validity and reliability of the new Thai version of the SF-36 although caution is recommended in the interpretation of Vitality and Role-emotional scales.",https://digital.car.chula.ac.th/cgi/viewcontent.cgi?article=2230&context=tjps,https://doi.org/10.56808/3027-7922.2230,2005-01-01
Populist Becoming: The Red Shirt Movement and Political Affliction in Thailand,"In this article, I explore the ways in which political subjectivities take shape through populist mobilization and dissipation. While the rise and increasing electoral success of populist movements across the world are largely attributed to charismatic leadership that conjures the will of “the people,” much less known is how people become populist subjects at a particular historical juncture. By attending to personal accounts of participation and detachment in a mass movement known as the Red Shirts in Thailand, I explore how the politics of becoming that emerges from this movement obfuscates the conventional distinction between populist and democratic identification. The articulation of populist subjects’ aspiration and affliction provides a window into the undetermined aspects of political mobilization from the realm of the ordinary. บทคัดย่อ ในบทความนี้ ข้าพเจ้ามุ่งศึกษาแนวทางการก่อร่างสร้างอัตวิสัยทางการเมือง ผ่านการมีส่วนร่วมในการเคลื่อนไหวแบบประชานิยมตลอดจนการสลายตัวของการเคลื่อนไหวดังกล่าว ในแง่หนึ่ง ความสำเร็จในการเลือกตั้งที่พบได้ในหลายประเทศทั่วโลก มาจากการเคลื่อนไหวแบบประชานิยม ซึ่งโดยมากมักจะกล่าวถึงผู้นำที่มีเอกลักษณ์ มีความสามารถในการชักจูงโน้มน้าว และสามารถตอบสนองต่อความต้องการของ “มวลชน” อย่างไรก็ตาม การศึกษาเกี่ยวกับปัจเจกหรือผู้ที่เข้าร่วมการเคลื่อนไหวแบบประชานิยมผ่านห้วงวิกฤตการณ์หรือการเปลี่ยนแปลงทางการเมืองนั้นยังมีน้อย ในการศึกษานี้ ข้าพเจ้าอาศัยเรื่องราวและประสบการณ์ของผู้ที่มีส่วนร่วมในการเคลื่อนไหวทางการเมืองของกลุ่มคนเสื้อแดงในประเทศไทยจนกระทั่งปลีกตัวออกจากการเคลื่อนไหวดังกล่าว เพื่อสำรวจการเมืองของการกลายเป็น (Politics of Becoming) ที่เกิดขึ้นภายในบริบทการเคลื่อนไหวแบบประชานิยม ทั้งนี้ ข้อค้นพบของข้าพเจ้าทำให้ความเข้าใจต่อแนวคิดเดิมที่แบ่งแยกขั่วกลุ่มอัตลักษณ์ทางการเมืองแบบประชานิยมออกจากกลุ่มอัตลักษณ์ทางการเมืองแบบประชาธิปไตยนั้นสับสนยิ่งขึ้น ข้าพเจ้าเสนอให้เราทำความเข้าใจกับความสับสนดังกล่าว รวมถึงปฏิเสธการมองว่าความหลากหลาย ไม่เป็นระเบียบ ทวิลักษณ์ของความหมาย และมิติทางอารมณ์ความรู้สึกของผู้ที่มีส่วนร่วมในการเคลื่อนไหวแบบประชานิยมนั้น เป็นปัญหาที่ต้องได้รับการเยียวยาแก้ไข หากแต่ภาวะดังกล่าวเป็นลักษณะสำคัญที่ชี้ให้เห็นว่าประชานิยมมีส่วนในการก่อร่างสร้างอัตวิสัยแบบใหม่ การทำความเข้าใจกับความมุ่งหวัง ความปราถนา และความบอบช้ำของผู้ท่ีมีส่วนร่วมในการเคลื่อนไหวดังกล่าว อาจเป็นหนทางที่จะช่วยให้เราทำความเข้าใจกับแง่มุมใหม่ๆ เกี่ยวกับการเคลื่อนไหวทางการเมือง จากปริมณฑลของคนธรรมดาสามัญ [อัตวิสัยทางการเมือง การเคลื่อนไหวมวลชน ความบอบช้ำ ประชานิยม การกลายเป็น คนเสื้อแดง ประเทศไทย] 국문초록 본 논문은 포퓰리즘 운동의 확대와 해소 과정에서 정치적 주체성이 만들어지는 다양한 양상을 탐구한다. 포퓰리즘 정치의 전세계적 성장과 선거 정치에서 커져가는 영향력은 흔히 대중 혹은 인민의 의지를 결집시킬 수 있는 카리스마적 지도자의 성공과 등치되어 왔다. 그러나 과연 어떻게 대중 혹은 인민이 특정한 역사적 시점에서 포퓰리스트가 되는가에 대해서는 충분한 논의가 이루어지지 못한 바 있다. 이러한 문제의식을 바탕으로 본 논문은 태국 레드셔츠 운동의 흥망성쇠를 경유한 한 개인의 삶 경험을 탐색하고, 이를 통해 대중 운동에 기반한 되기(becoming)의 정치가 포퓰리즘과 민주주의에 대한 관습적 구분을 흐트러트리는 양상에 주목한다. 포퓰리스트 주체성을 고무하는 복잡한 정동과 의미들은 민주주의 정치를 저해하는 병폐가 아니며, 역으로 정치적 주체성의 새로운 형식들이 만들어지고 작동하는 방식을 핵심적으로 보여준다. 포퓰리스트 주체들의 변화에 대한 열망과 수난의 경험은 일상의 영역에서부터 정치적 동원의 아직 결정되지 않은, 불확정적 속성을 드러낸다.",https://journal.culanth.org/index.php/ca/article/download/4169/486,https://doi.org/10.14506/ca34.4.04,2019-11-08
"รฐธรรมนญ ประวตศาสตรขอความคด อำนาจสถาปนา และการเปลยนผาน [Rattathammanoon-Prawatsart-Korkwamkid-amnaj-sathapana-lae-karn-plian-parnn] [Constitution: History, Constituent Power, and Transition]",,https://academic.oup.com/icon/article-pdf/16/2/718/25037294/moy020.pdf,https://doi.org/10.1093/icon/moy020,2018-03-06
ทกษะความเขาใจและใชเทคโนโลยดจทลของพยาบาลทปฏบตงานโรงพยาบาลสงกดมหาวทยาลยแหงหนง,"บทนำ ทักษะความเข้าใจและใช้เทคโนโลยีดิจิทัล เป็นประโยชน์ในการสื่อสาร การปฏิบัติงาน รวมทั้งการพัฒนา กระบวนการทำงานในการดูแลผู้ป่วยให้เกิดประสิทธิภาพและประสิทธิผลสูงสุด ดังนั้นทักษะความเข้าใจ และใช้เทคโนโลยีดิจิทัลของพยาบาลจึงจำเป็นยิ่งในการปฏิบัติการพยาบาล วัตถุประสงค์การวิจัย 1) เพื่อศึกษาความถี่ของการใช้เทคโนโลยีดิจิทัลในการปฏิบัติงานและระดับทักษะความ เข้าใจและใช้เทคโนโลยีดิจิทัลของพยาบาล 2) เพื่อเปรียบเทียบทักษะความเข้าใจและใช้เทคโนโลยีดิจิทัลของพยาบาล ตามตำแหน่งงาน 3) เพื่อเปรียบเทียบทักษะความเข้าใจและใช้เทคโนโลยีดิจิทัลของพยาบาลตามตำแหน่งงาน และลักษณะงาน และ 4) เพื่อศึกษาความสัมพันธ์ระหว่างทักษะความเข้าใจและใช้เทคโนโลยีดิจิทัลของพยาบาล กับอายุงาน การออกแบบการวิจัย การวิจัยเชิงพรรณนา วิธีดำเนินการวิจัย กลุ่มตัวอย่างเป็นพยาบาลวิชาชีพ จำนวน 530 คน อายุงาน 1 ปีขึ้นไป สังกัดฝ่ายการพยาบาล โรงพยาบาลสังกัดมหาวิทยาลัยแห่งหนึ่ง เลือกตัวอย่างแบบสะดวก แบบสอบถามประกอบด้วย 4 ส่วน คือ ข้อมูลส่วนบุคคล ความถี่ของการใช้เทคโนโลยีดิจิทัลในการปฏิบัติงาน ทักษะความเข้าใจและใช้เทคโนโลยีดิจิทัล และปัญหาอุปสรรครวมทั้งความต้องการและข้อเสนอแนะต่อการใช้เทคโนโลยีดิจิทัล เก็บรวบรวมข้อมูล จากแบบสอบถามผ่าน google form ระหว่างเดือนกันยายน-ตุลาคม 2565 วิเคราะห์ข้อมูลโดยใช้สถิติบรรยาย และสถิติอ้างอิง ได้แก่ การทดสอบทีอิสระ และการวิเคราะห์สหสัมพันธ์ของเพียร์สัน ผลการวิจัย กลุ่มตัวอย่างส่วนใหญ่เป็นพยาบาลวิชาชีพ (ร้อยละ 86.4) อายุงานมากกว่า 20ปี (ร้อยละ 38.3) ลักษณะงานด้านคลินิก/ให้การพยาบาลผู้ป่วย (ร้อยละ 90.2) มีการใช้เทคโนโลยีดิจิทัลทุกวัน (ร้อยละ 63.2) ทักษะความเข้าใจและใช้เทคโนโลยีดิจิทัลอยู่ในระดับปานกลาง (ร้อยละ 46.9) กลุ่มตัวอย่างที่มีตำแหน่งงานระดับ บริหารและระดับปฏิบัติการพยาบาล มีทักษะความเข้าใจและใช้เทคโนโลยีดิจิทัลโดยรวมและรายด้านไม่แตกต่างกัน อย่างมีนัยสำคัญทางสถิติ ยกเว้นด้านการใช้โปรแกรมสร้างสื่อดิจิทัล (t = -3.890, p &lt; .001) กลุ่มตัวอย่างที่ปฏิบัติงาน ด้านคลินิกและไม่ได้ปฏิบัติงานด้านคลินิกมีทักษะความเข้าใจและใช้เทคโนโลยีดิจิทัลโดยรวมและรายด้านไม่แตกต่าง กันอย่างมีนัยสำคัญทางสถิติ ยกเว้นด้านการใช้โปรแกรมสร้างสื่อดิจิทัล (t = 3.448, p = .001) และด้านการใช้โปรแกรม ประมวลคำ (t = -1.983, p = .048) ทักษะความเข้าใจและใช้เทคโนโลยีดิจิทัลมีความสัมพันธ์ทางลบกับอายุงานอย่างมี นัยสำคัญทางสถิติ (r = -.471, p &lt; .001) ข้อเสนอแนะ ผู้บริหารการพยาบาลนำข้อมูลทักษะความเข้าใจและใช้เทคโนโลยีดิจิทัล ไปจัดทำแผนการฝึกอบรม และแผนการพัฒนาตนเองให้เหมาะสมตามตำแหน่งงานและลักษณะงานของพยาบาล และมุ่งเน้นการเพิ่มพูนทักษะ ความเข้าใจและใช้เทคโนโลยีดิจิทัลของพยาบาลที่อายุงานมาก",https://he02.tci-thaijo.org/index.php/TJONC/article/download/261436/179872,https://doi.org/10.60099/jtnmc.v38i02.261436,2023-06-26
New bounds for Ryser’s conjecture and related problems,"A Latin square of order <inline-formula content-type=""math/mathml""> <mml:math xmlns:mml=""http://www.w3.org/1998/Math/MathML"" alttext=""n""> <mml:semantics> <mml:mi>n</mml:mi> <mml:annotation encoding=""application/x-tex"">n</mml:annotation> </mml:semantics> </mml:math> </inline-formula> is an <inline-formula content-type=""math/mathml""> <mml:math xmlns:mml=""http://www.w3.org/1998/Math/MathML"" alttext=""n times n""> <mml:semantics> <mml:mrow> <mml:mi>n</mml:mi> <mml:mo>×</mml:mo> <mml:mi>n</mml:mi> </mml:mrow> <mml:annotation encoding=""application/x-tex"">n \times n</mml:annotation> </mml:semantics> </mml:math> </inline-formula> array filled with <inline-formula content-type=""math/mathml""> <mml:math xmlns:mml=""http://www.w3.org/1998/Math/MathML"" alttext=""n""> <mml:semantics> <mml:mi>n</mml:mi> <mml:annotation encoding=""application/x-tex"">n</mml:annotation> </mml:semantics> </mml:math> </inline-formula> symbols such that each symbol appears only once in every row or column and a transversal is a collection of cells which do not share the same row, column or symbol. The study of Latin squares goes back more than 200 years to the work of Euler. One of the most famous open problems in this area is a conjecture of Ryser-Brualdi-Stein from 60s which says that every Latin square of order <inline-formula content-type=""math/mathml""> <mml:math xmlns:mml=""http://www.w3.org/1998/Math/MathML"" alttext=""n times n""> <mml:semantics> <mml:mrow> <mml:mi>n</mml:mi> <mml:mo>×</mml:mo> <mml:mi>n</mml:mi> </mml:mrow> <mml:annotation encoding=""application/x-tex"">n\times n</mml:annotation> </mml:semantics> </mml:math> </inline-formula> contains a transversal of order <inline-formula content-type=""math/mathml""> <mml:math xmlns:mml=""http://www.w3.org/1998/Math/MathML"" alttext=""n minus 1""> <mml:semantics> <mml:mrow> <mml:mi>n</mml:mi> <mml:mo>−</mml:mo> <mml:mn>1</mml:mn> </mml:mrow> <mml:annotation encoding=""application/x-tex"">n-1</mml:annotation> </mml:semantics> </mml:math> </inline-formula>. In this paper we prove the existence of a transversal of order <inline-formula content-type=""math/mathml""> <mml:math xmlns:mml=""http://www.w3.org/1998/Math/MathML"" alttext=""n minus upper O left-parenthesis log n slash log log n right-parenthesis""> <mml:semantics> <mml:mrow> <mml:mi>n</mml:mi> <mml:mo>−</mml:mo> <mml:mi>O</mml:mi> <mml:mo stretchy=""false"">(</mml:mo> <mml:mi>log</mml:mi> <mml:mo>⁡</mml:mo> <mml:mrow class=""MJX-TeXAtom-ORD""> <mml:mi>n</mml:mi> </mml:mrow> <mml:mrow class=""MJX-TeXAtom-ORD""> <mml:mo>/</mml:mo> </mml:mrow> <mml:mi>log</mml:mi> <mml:mo>⁡</mml:mo> <mml:mrow class=""MJX-TeXAtom-ORD""> <mml:mi>log</mml:mi> <mml:mo>⁡</mml:mo> <mml:mrow class=""MJX-TeXAtom-ORD""> <mml:mi>n</mml:mi> </mml:mrow> </mml:mrow> <mml:mo stretchy=""false"">)</mml:mo> </mml:mrow> <mml:annotation encoding=""application/x-tex"">n-O(\log {n}/\log {\log {n}})</mml:annotation> </mml:semantics> </mml:math> </inline-formula>, improving the celebrated bound of <inline-formula content-type=""math/mathml""> <mml:math xmlns:mml=""http://www.w3.org/1998/Math/MathML"" alttext=""n minus upper O left-parenthesis log squared n right-parenthesis""> <mml:semantics> <mml:mrow> <mml:mi>n</mml:mi> <mml:mo>−</mml:mo> <mml:mi>O</mml:mi> <mml:mo stretchy=""false"">(</mml:mo> <mml:msup> <mml:mi>log</mml:mi> <mml:mn>2</mml:mn> </mml:msup> <mml:mo>⁡</mml:mo> <mml:mi>n</mml:mi> <mml:mo stretchy=""false"">)</mml:mo> </mml:mrow> <mml:annotation encoding=""application/x-tex"">n-O(\log ^2n)</mml:annotation> </mml:semantics> </mml:math> </inline-formula> by Hatami and Shor. Our approach (different from that of Hatami-Shor) is quite general and gives several other applications as well. We obtain a new lower bound on a 40-year-old conjecture of Brouwer on the maximum matching in Steiner triple systems, showing that every such system of order <inline-formula content-type=""math/mathml""> <mml:math xmlns:mml=""http://www.w3.org/1998/Math/MathML"" alttext=""n""> <mml:semantics> <mml:mi>n</mml:mi> <mml:annotation encoding=""application/x-tex"">n</mml:annotation> </mml:semantics> </mml:math> </inline-formula> is guaranteed to have a matching of size <inline-formula content-type=""math/mathml""> <mml:math xmlns:mml=""http://www.w3.org/1998/Math/MathML"" alttext=""n slash 3 minus upper O left-parenthesis log n slash log log n right-parenthesis""> <mml:semantics> <mml:mrow> <mml:mi>n</mml:mi> <mml:mrow class=""MJX-TeXAtom-ORD""> <mml:mo>/</mml:mo> </mml:mrow> <mml:mn>3</mml:mn> <mml:mo>−</mml:mo> <mml:mi>O</mml:mi> <mml:mo stretchy=""false"">(</mml:mo> <mml:mi>log</mml:mi> <mml:mo>⁡</mml:mo> <mml:mrow class=""MJX-TeXAtom-ORD""> <mml:mi>n</mml:mi> </mml:mrow> <mml:mrow class=""MJX-TeXAtom-ORD""> <mml:mo>/</mml:mo> </mml:mrow> <mml:mi>log</mml:mi> <mml:mo>⁡</mml:mo> <mml:mrow class=""MJX-TeXAtom-ORD""> <mml:mi>log</mml:mi> <mml:mo>⁡</mml:mo> <mml:mrow class=""MJX-TeXAtom-ORD""> <mml:mi>n</mml:mi> </mml:mrow> </mml:mrow> <mml:mo stretchy=""false"">)</mml:mo> </mml:mrow> <mml:annotation encoding=""application/x-tex"">n/3-O(\log {n}/\log {\log {n}})</mml:annotation> </mml:semantics> </mml:math> </inline-formula>. This substantially improves the current best result of Alon, Kim and Spencer which has the error term of order <inline-formula content-type=""math/mathml""> <mml:math xmlns:mml=""http://www.w3.org/1998/Math/MathML"" alttext=""n Superscript 1 slash 2 plus o left-parenthesis 1 right-parenthesis""> <mml:semantics> <mml:msup> <mml:mi>n</mml:mi> <mml:mrow class=""MJX-TeXAtom-ORD""> <mml:mn>1</mml:mn> <mml:mrow class=""MJX-TeXAtom-ORD""> <mml:mo>/</mml:mo> </mml:mrow> <mml:mn>2</mml:mn> <mml:mo>+</mml:mo> <mml:mi>o</mml:mi> <mml:mo stretchy=""false"">(</mml:mo> <mml:mn>1</mml:mn> <mml:mo stretchy=""false"">)</mml:mo> </mml:mrow> </mml:msup> <mml:annotation encoding=""application/x-tex"">n^{1/2+o(1)}</mml:annotation> </mml:semantics> </mml:math> </inline-formula>. Finally, we also show that <inline-formula content-type=""math/mathml""> <mml:math xmlns:mml=""http://www.w3.org/1998/Math/MathML"" alttext=""upper O left-parenthesis n log n slash log log n right-parenthesis""> <mml:semantics> <mml:mrow> <mml:mi>O</mml:mi> <mml:mo stretchy=""false"">(</mml:mo> <mml:mi>n</mml:mi> <mml:mi>log</mml:mi> <mml:mo>⁡</mml:mo> <mml:mrow class=""MJX-TeXAtom-ORD""> <mml:mi>n</mml:mi> </mml:mrow> <mml:mrow class=""MJX-TeXAtom-ORD""> <mml:mo>/</mml:mo> </mml:mrow> <mml:mi>log</mml:mi> <mml:mo>⁡</mml:mo> <mml:mrow class=""MJX-TeXAtom-ORD""> <mml:mi>log</mml:mi> <mml:mo>⁡</mml:mo> <mml:mrow class=""MJX-TeXAtom-ORD""> <mml:mi>n</mml:mi> </mml:mrow> </mml:mrow> <mml:mo stretchy=""false"">)</mml:mo> </mml:mrow> <mml:annotation encoding=""application/x-tex"">O(n\log {n}/\log {\log {n}})</mml:annotation> </mml:semantics> </mml:math> </inline-formula> many symbols in Latin arrays suffice to guarantee a full transversal, improving on a previously known bound of <inline-formula content-type=""math/mathml""> <mml:math xmlns:mml=""http://www.w3.org/1998/Math/MathML"" alttext=""n Superscript 2 minus epsilon""> <mml:semantics> <mml:msup> <mml:mi>n</mml:mi> <mml:mrow class=""MJX-TeXAtom-ORD""> <mml:mn>2</mml:mn> <mml:mo>−</mml:mo> <mml:mi>ε</mml:mi> </mml:mrow> </mml:msup> <mml:annotation encoding=""application/x-tex"">n^{2-\varepsilon }</mml:annotation> </mml:semantics> </mml:math> </inline-formula>. The proofs combine in a novel way the semi-random method together with the robust expansion properties of edge-coloured pseudorandom graphs to show the existence of a rainbow matching covering all but <inline-formula content-type=""math/mathml""> <mml:math xmlns:mml=""http://www.w3.org/1998/Math/MathML"" alttext=""upper O left-parenthesis log n slash log log n right-parenthesis""> <mml:semantics> <mml:mrow> <mml:mi>O</mml:mi> <mml:mo stretchy=""false"">(</mml:mo> <mml:mi>log</mml:mi> <mml:mo>⁡</mml:mo> <mml:mi>n</mml:mi> <mml:mrow class=""MJX-TeXAtom-ORD""> <mml:mo>/</mml:mo> </mml:mrow> <mml:mi>log</mml:mi> <mml:mo>⁡</mml:mo> <mml:mrow class=""MJX-TeXAtom-ORD""> <mml:mi>log</mml:mi> <mml:mo>⁡</mml:mo> <mml:mrow class=""MJX-TeXAtom-ORD""> <mml:mi>n</mml:mi> </mml:mrow> </mml:mrow> <mml:mo stretchy=""false"">)</mml:mo> </mml:mrow> <mml:annotation encoding=""application/x-tex"">O(\log n/\log {\log {n}})</mml:annotation> </mml:semantics> </mml:math> </inline-formula> vertices. All previous results, based on the semi-random method, left uncovered at least <inline-formula content-type=""math/mathml""> <mml:math xmlns:mml=""http://www.w3.org/1998/Math/MathML"" alttext=""normal upper Omega left-parenthesis n Superscript alpha Baseline right-parenthesis""> <mml:semantics> <mml:mrow> <mml:mi mathvariant=""normal"">Ω</mml:mi> <mml:mo stretchy=""false"">(</mml:mo> <mml:msup> <mml:mi>n</mml:mi> <mml:mrow class=""MJX-TeXAtom-ORD""> <mml:mi>α</mml:mi> </mml:mrow> </mml:msup> <mml:mo stretchy=""false"">)</mml:mo> </mml:mrow> <mml:annotation encoding=""application/x-tex"">\Omega (n^{\alpha })</mml:annotation> </mml:semantics> </mml:math> </inline-formula> (for some constant",https://www.ams.org/btran/2022-09-08/S2330-0000-2022-00092-3/S2330-0000-2022-00092-3.pdf,https://doi.org/10.1090/btran/92,2022-04-15
An overview of methods to convert cone index to bevameter parameters,,https://www.sciencedirect.com/science/article/am/pii/S0022489819301181,https://doi.org/10.1016/j.jterra.2019.10.001,2019-11-07
Parameters of Transportation of Tailings of Metals Lixiviating,"\nThe article shows that the change in the situation in the metals market with a steady increase in production volumes is intensified against the tendency of the transition of mining production from underground mining to underground mining for a certain group of ores. The possibility of a non-waste metals extraction from not only standard, but also from substandard raw materials, is currently provided only by technology with the lixiviating of metals from developing ores. The regular dependences of the magnitude of hydraulic resistances on the hydro-mixture velocity and its density are determined. The correct values of the experimental data convergence with the calculated values of these parameters are obtained. It is shown that the optimization of the transportation parameters of lixiviating tailings allows reducing the level of chemically dangerous pollution of the environment by leachate products. The direction of obtaining the ecological and technological effect from the use of simultaneously environmental and resource-saving technology for the extraction of the disclosed metals is indicated.\n",https://www.e3s-conferences.org/articles/e3sconf/pdf/2017/09/e3sconf_2iims2017_01025.pdf,https://doi.org/10.1051/e3sconf/20172101025,2017-01-01
Glycosylation of Eag1 (Kv10.1) Potassium Channels,"N-Linked glycosylation is a common post-translational modification of membrane proteins. Here we report that mature Eag1 potassium channels carry sugar moieties linked to asparagines at positions 388 and 406. Asn-388 seems to undergo only core glycosylation, but complex sugars are bound to Asn-406. Correct complex glycosylation is required for proper trafficking of Eag1 to the plasma membrane but is also crucial for the correct function of channels already inserted in the membrane.",http://www.jbc.org/article/S0021925820563746/pdf,https://doi.org/10.1074/jbc.m504228200,2005-06-18
Planning and Urban Design Standards,ในวงการวิชาชีพและวิชาการผังเมือง ได้เคยมีการรวบรวมมาตรฐานในการวางและจัดทำผังเมืองมาบ้างแล้ว ทั้งในประเทศและต่างประเทศ อย่างไรก็ตาม การจัดทำมาตรฐานด้านการผังเมืองส่วนใหญ่จะไม่ครอบคลุมทุกด้าน บางแห่งมีเฉพาะด้านมาตรฐานการพัฒนาที่อยู่อาศัย หรือด้านการออกแบบชุมชนเมือง หรือมีเฉพาะการวางแผนการใช้ที่ดินและความหนาแน่น หนังสือเล่มนี้ได้มีการรวบรวมและนำเสนอมาตรฐานทุกด้านที่เกี่ยวกับการวางและจัดทำผังเมืองในระดับต่าง ๆ รวมทั้งการออกแบบชุมชนเมืองด้วย,https://so02.tci-thaijo.org/index.php/jars/article/download/169260/173112,https://doi.org/10.56261/jars.v4i2.169260,2022-08-08
Technological competency as caring in nursing as perceived by ICU nurses in Bangladesh and its related factors,"This descriptive study purposed to examine Technological Competency as Caring in Nursing (TCCN) as perceived by Intensive Care Unit (ICU) nurses in Bangladesh, and to examine the relationship between TCCN and selected factors (nurses’ age, level of nursing education, length of working experience, continuing education and training, and self-awareness). One hundred and twenty ICU nurses at tertiary level public hospitals in Dhaka city participated in this study. The Technological Competency as Caring in Nursing Inventory (TCCNI), and Nurses’ Self-Awareness Questionnaire (NSAQ) were used as data collection tools. The content of each tool was validated by three experts with reliability yielding a Cronbach’s alpha coefficient of .80 for the TCCNI and of .83 for the NSAQ. The data were analyzed using descriptive statistics, Pearson’s product-moment correlation and independent t-test. The results of this study showed that the mean score of nurses’ perception regarding TCCN was high level ( M = 4.14, SD = 0.34). Among the five assumptions of TCCN, four assumptions were at high level, but only one assumption, “knowing a person is a process of nursing allowing for continuous appreciation of persons ” was at moderate level ( M = 3.35, SD = 0.37). Regarding the five selected factors namely nurses’ age, level of nursing education, length of working experience, continuing education and training, and self-awareness, only the nurses’ self-awareness was significantly and moderately correlated with nurses’ perception on TCCN ( r = 0 .42, p < 0 .01). The study showed that the ICU nurses in Bangladesh had high perception or agreement on the TCCN, and that this perception was related to their self-awareness. This research evidence can serve as fundamental data for developing critical care nursing practice in Bangladesh.",http://kb.psu.ac.th/psukb/handle/2010/9845,,2016-04-20
It’s a Good Time for Time-Bin Qubits,"n contrast to classical bits of information that are either 0 or 1, quantum bits—or “qubits”—can be in superposition states of 0 and 1. Just like classical bits, however, qubits are physical objects that have to be implemented in real physical systems. Researchers have used single photons as physical qubits, with the quantum information encoded in terms of polarization, angular momentum, and many other degrees of freedom. The time-bin degree of freedom (that is, encoding quantum information in terms of relative arrival times of light pulses) offers a particularly robust kind of single-photon qubits, and two recent papers have advanced the use of time-bin qubits in dramatic ways.",https://physics.aps.org/featured-article-pdf/10.1103/PhysRevLett.111.150501,https://doi.org/10.1103/physics.6.110,2013-10-09
Guide RNAs: it’s good to be choosy,,https://www.nature.com/articles/s41592-020-01003-4.pdf,https://doi.org/10.1038/s41592-020-01003-4,2020-11-05
The Development of Durian Shell Biochar as a Nutrition Enrichment Medium for Agricultural Purpose : Part 1 Chemical and Physical Characterization,การทดลองผลิตถ่านจากเปลือกทุเรียนเพื่อใช้เป็นวัสดุปรับปรุงดินและเพิ่มธาตุอาหารในดิน ทำได้โดยเผาเปลือกทุเรียน ในสภาวะไร้อากาศที่ช่วงอุณหภูมิ 400-500 องศาเซลเซียส จะได้ผลผลิต ถ่านจากเปลือกทุเรียน 3-4 กิโลกรัมต่อเปลือกทุเรียน สด 100 กิโลกรัม ถ่านจากเปลือกทุเรียนถูกบดและคัดแยกขนาดให้มีขนาดอนุภาคอยู่ในช่วง0.3-1.7 มิลลิเมตร และมีความหนา แน่นปรากฏ 0.3 กรัม ต่อมิลลิลิตร เมื่อทำการวิเคราะห์โดยเครื่อง XRF พบว่า เถ้าของถ่านจากเปลือกทุเรียนมีองค์ประกอบของ ธาตุฟอสฟอรัสและโปแตสเซียมมากกว่าถ่านชีวภาพจากวัสดุอื่น ๆ เช่น แกลบ กะลาปาล์ม และไม้ไผ่ถ่านจากเปลือกทุเรียนที่ได้ สามารถปรับค่า pH ให้อยู่ในช่วงที่เหมาะสมได้ด้วยสารละลายน้ำส้มควันไม้ ทำให้ถ่านจากเปลือกทุเรียนหลังการปรับสภาพแล้ว มีค่า pH ที่เสถียรอยู่ในช่วง 6.5-7.5 เมื่อทำการวิเคราะห์ลักษณะพื้นผิวด้วย SEM และเปรียบเทียบกับค่าไอโอดีนตามมาตรฐาน ASTM D 4607-94 พบว่า ถ่านจากเปลือกทุเรียนมีความพรุนตัวสูงกว่าถ่านชีวภาพจากวัสดุอื่น ๆ (ขนาดรูพรุน 20 µm และค่า ไอโอดีน 202.32 mg/g),https://ph03.tci-thaijo.org/index.php/BAS/article/download/189/121,https://doi.org/10.60136/bas.v1.2012.189,2022-10-07
P251 It’s a knock out! – dental trauma,"<h3>Introduction</h3> By 14 years of age, 30% of children have experienced a dental injury (1). Sports-related accidents account for 10–39% of all dental injuries(2). Wearing a properly fitted mouthguard during high risk sports has been shown to significantly reduce the risk of dental injury (3). In the United Kingdom, for many high risks sports mouthguard wear is still not compulsory. As a result, participants are at significant risk of traumatic dental injury. One of the more serious dental injuries is an Avulsion. This often results in multiple appointments over years, missing many days of work and school and a cost burden to the NHS. The average total cost of treating one patient with one traumatic injury has been cited as £856(4). It is known that immediate management of this kind of dental injury is critical for improved outcomes. We therefore proposed 'It's a Knock Out!' project. <h3>Aims</h3> Improve dental trauma outcomes via improving knowledge and education of dental trauma prevention and management in higher risk groups. Subsequently aims included expansion of the training sessions out with Greater Glasgow. <h3>Method</h3> Questionnaires were given before and after a presentation, practical and prevention session. These were aimed at educating non-dental care givers including coaches and management of sporting teams, youth groups and higher P.E Student. Posters and leaflets were donated as memory aids. Local dental contacts were made in case of trauma. <h3>Results</h3> Initial knowledge of management was poor. Attendees found the practical training most useful. Knowledge regarding time limits and who to attend was improved on. We received positive feedback from all groups approached. The attendees were more confident in dealing with dental avulsion. <h3>References</h3> Management of Dental Trauma in a Primary Care Setting by Martha Ann Keels accessed on: http://pediatric.aappublications.org/content/133/2/e466 American Academy of Pediatric Dentistry. Policy on prevention of sports-related orofacial injuries. Pediatric Dent. 2012/2013;34(6):67–70 Fernandes LM, Neto JCL, Lima TFR, et al. The use of mouthguards and prevalence of dento- alveolar trauma among athletes: A systematic review and meta analysis. Dent Traumatol. 2019;35:54–72. https://doi org/10.1111/edt.12441 The cost of treating children and adolescents with injuries to their permanent incisors at a dental hospital in the United Kingdom, Ferranti S. L. Wong; Konstantina Kolokotsa, 02 November 2004 accessed on:",https://adc.bmj.com/content/archdischild/104/Suppl_3/A257.2.full.pdf,https://doi.org/10.1136/archdischild-2019-epa.601,2019-06-01
A Pieri-Chevalley formula in the K-theory of a 𝐺/𝐵-bundle,"Let <inline-formula content-type=""math/mathml""> <mml:math xmlns:mml=""http://www.w3.org/1998/Math/MathML"" alttext=""upper G""> <mml:semantics> <mml:mi>G</mml:mi> <mml:annotation encoding=""application/x-tex"">G</mml:annotation> </mml:semantics> </mml:math> </inline-formula> be a semisimple complex Lie group, <inline-formula content-type=""math/mathml""> <mml:math xmlns:mml=""http://www.w3.org/1998/Math/MathML"" alttext=""upper B""> <mml:semantics> <mml:mi>B</mml:mi> <mml:annotation encoding=""application/x-tex"">B</mml:annotation> </mml:semantics> </mml:math> </inline-formula> a Borel subgroup, and <inline-formula content-type=""math/mathml""> <mml:math xmlns:mml=""http://www.w3.org/1998/Math/MathML"" alttext=""upper T subset-of-or-equal-to upper B""> <mml:semantics> <mml:mrow> <mml:mi>T</mml:mi> <mml:mo>⊆<!-- ⊆ --></mml:mo> <mml:mi>B</mml:mi> </mml:mrow> <mml:annotation encoding=""application/x-tex"">T\subseteq B</mml:annotation> </mml:semantics> </mml:math> </inline-formula> a maximal torus of <inline-formula content-type=""math/mathml""> <mml:math xmlns:mml=""http://www.w3.org/1998/Math/MathML"" alttext=""upper G""> <mml:semantics> <mml:mi>G</mml:mi> <mml:annotation encoding=""application/x-tex"">G</mml:annotation> </mml:semantics> </mml:math> </inline-formula>. The projective variety <inline-formula content-type=""math/mathml""> <mml:math xmlns:mml=""http://www.w3.org/1998/Math/MathML"" alttext=""upper G slash upper B""> <mml:semantics> <mml:mrow> <mml:mi>G</mml:mi> <mml:mrow class=""MJX-TeXAtom-ORD""> <mml:mo>/</mml:mo> </mml:mrow> <mml:mi>B</mml:mi> </mml:mrow> <mml:annotation encoding=""application/x-tex"">G/B</mml:annotation> </mml:semantics> </mml:math> </inline-formula> is a generalization of the classical flag variety. The structure sheaves of the Schubert subvarieties form a basis of the K-theory <inline-formula content-type=""math/mathml""> <mml:math xmlns:mml=""http://www.w3.org/1998/Math/MathML"" alttext=""upper K left-parenthesis upper G slash upper B right-parenthesis""> <mml:semantics> <mml:mrow> <mml:mi>K</mml:mi> <mml:mo stretchy=""false"">(</mml:mo> <mml:mi>G</mml:mi> <mml:mrow class=""MJX-TeXAtom-ORD""> <mml:mo>/</mml:mo> </mml:mrow> <mml:mi>B</mml:mi> <mml:mo stretchy=""false"">)</mml:mo> </mml:mrow> <mml:annotation encoding=""application/x-tex"">K(G/B)</mml:annotation> </mml:semantics> </mml:math> </inline-formula> and every character of <inline-formula content-type=""math/mathml""> <mml:math xmlns:mml=""http://www.w3.org/1998/Math/MathML"" alttext=""upper T""> <mml:semantics> <mml:mi>T</mml:mi> <mml:annotation encoding=""application/x-tex"">T</mml:annotation> </mml:semantics> </mml:math> </inline-formula> gives rise to a line bundle on <inline-formula content-type=""math/mathml""> <mml:math xmlns:mml=""http://www.w3.org/1998/Math/MathML"" alttext=""upper G slash upper B""> <mml:semantics> <mml:mrow> <mml:mi>G</mml:mi> <mml:mrow class=""MJX-TeXAtom-ORD""> <mml:mo>/</mml:mo> </mml:mrow> <mml:mi>B</mml:mi> </mml:mrow> <mml:annotation encoding=""application/x-tex"">G/B</mml:annotation> </mml:semantics> </mml:math> </inline-formula>. This note gives a formula for the product of a dominant line bundle and a Schubert class in <inline-formula content-type=""math/mathml""> <mml:math xmlns:mml=""http://www.w3.org/1998/Math/MathML"" alttext=""upper K left-parenthesis upper G slash upper B right-parenthesis""> <mml:semantics> <mml:mrow> <mml:mi>K</mml:mi> <mml:mo stretchy=""false"">(</mml:mo> <mml:mi>G</mml:mi> <mml:mrow class=""MJX-TeXAtom-ORD""> <mml:mo>/</mml:mo> </mml:mrow> <mml:mi>B</mml:mi> <mml:mo stretchy=""false"">)</mml:mo> </mml:mrow> <mml:annotation encoding=""application/x-tex"">K(G/B)</mml:annotation> </mml:semantics> </mml:math> </inline-formula>. This result generalizes a formula of Chevalley which computes an analogous product in cohomology. The new formula applies to the relative case, the K-theory of a <inline-formula content-type=""math/mathml""> <mml:math xmlns:mml=""http://www.w3.org/1998/Math/MathML"" alttext=""upper G slash upper B""> <mml:semantics> <mml:mrow> <mml:mi>G</mml:mi> <mml:mrow class=""MJX-TeXAtom-ORD""> <mml:mo>/</mml:mo> </mml:mrow> <mml:mi>B</mml:mi> </mml:mrow> <mml:annotation encoding=""application/x-tex"">G/B</mml:annotation> </mml:semantics> </mml:math> </inline-formula>-bundle over a smooth base <inline-formula content-type=""math/mathml""> <mml:math xmlns:mml=""http://www.w3.org/1998/Math/MathML"" alttext=""upper X""> <mml:semantics> <mml:mi>X</mml:mi> <mml:annotation encoding=""application/x-tex"">X</mml:annotation> </mml:semantics> </mml:math> </inline-formula>, and is presented in this generality. In this setting the new formula is a generalization of recent <inline-formula content-type=""math/mathml""> <mml:math xmlns:mml=""http://www.w3.org/1998/Math/MathML"" alttext=""upper G equals upper G upper L Subscript n Baseline left-parenthesis double-struck upper C right-parenthesis""> <mml:semantics> <mml:mrow> <mml:mi>G</mml:mi> <mml:mo>=</mml:mo> <mml:mi>G</mml:mi> <mml:msub> <mml:mi>L</mml:mi> <mml:mi>n</mml:mi> </mml:msub> <mml:mo stretchy=""false"">(</mml:mo> <mml:mrow class=""MJX-TeXAtom-ORD""> <mml:mrow class=""MJX-TeXAtom-ORD""> <mml:mi mathvariant=""double-struck"">C</mml:mi> </mml:mrow> </mml:mrow> <mml:mo stretchy=""false"">)</mml:mo> </mml:mrow> <mml:annotation encoding=""application/x-tex"">G=GL_n({\mathbb C})</mml:annotation> </mml:semantics> </mml:math> </inline-formula> results of Fulton and Lascoux.",https://www.ams.org/era/1999-05-14/S1079-6762-99-00067-0/S1079-6762-99-00067-0.pdf,https://doi.org/10.1090/s1079-6762-99-00067-0,1999-07-14
Japan-ness in Architecture,หนังสือเล่มหนามากด้วยเนื้อหา พร้อมด้วยรูปภาพประกอบไม่มากนักจนเเทบจะนับจำนวนได้เล่มนี้เขียนโดย อะระตะ ไอโซซากิ (Arata Isozaki) สถาปนิกชาวญี่ปุ่นชื่อดังที่มักจะมีบทบาทโลดเเล่นอยู่บนเวทีระดับนานาชาติเสียเป็นส่วนใหญ่ มากกว่าในประเทศบ้านเกิดของตนเอง ปัจจุบันไอโซซากิมีอายุถึง 76 ปีเเล้ว (เกิดเมื่อปี ค.ศ. 1931) เเต่ก็ยังมีผลงาน ทั้งงานออกเเบบสถาปัตยกรรมเเละงานเขียนหนังสือออกมาอย่างต่อเนื่อง นอกเหนือจากบทบาทในช่วงหลังที่เขาทำหน้าที่เป็นผู้ประสานงานหรือผู้วางผังโครงการขนาดใหญ่เพื่อให้สถาปนิกรุ่นน้องจากหลายประเทศได้มาเเสดงฝีมือออกเเบบอาคารร่วมกันในพื้นที่ ชื่อของไอโซซากิอาจจะไม่เป็นที่คุ้นหูของสถาปนิกชาวไทยวัยต่ำกว่าสามสิบเท่าไรนักในขณะที่หากถามว่าสถาปนิกในดวงใจของคุณคือใคร คงมีคนตอบว่าเป็นไอโซซากิน้อยเต็มที ไอโซซากินั้นเรียนจบปริญญาเอกจากมหาวิทยาลัยโตเกียว เป็นศิษย์ก้นกุฏิของเคนโซ ตังเกะ (Kenzo Tange) เเละเป็นสถาปนิกที่รู้จักมักคุ้นกับตังเกะมากที่สุดคนหนึ่ง มากถึงขนาดที่ได้รับเลือกให้เป็นผู้อ่านคำกล่าวแสดงความเสียใจในพิธีศพของตังเกะเมื่อปี ค.ศ. 2005 ที่ผ่านมาด้วย,https://so02.tci-thaijo.org/index.php/jars/article/download/169106/121673,https://doi.org/10.56261/jars.v5i3.169106,2018-09-03
Effect of Clinacanthus nutans on Human Cell-mediated Immune Response In Vitro(การศกษาฤทธของสารสกดจากพญายอตอการตอบสนอง ทางภมคมกน...,"The extract of Clinacanthus nutans has been used for the treatment against a variety of symptoms from either infectious or non-infectious agents.Less has been known for its activity on the immune system.Human immunocompetent cells were used to study the role of c. nutans extract in modu lating cell-mediated immune response (CMIR) in vitro.We investigated the effect of c. nutans extract on lymphocyte proliferation, function of natural killer (NK) cells, and production of interleukin-2 (IL-2) and interleukin-4 (IL-4).Lymphocyte proliferation was significantly increased at the concentrations of 0.5, 2.5, and 5 pg/ml, while the response was significantly reduced at 2.5, and 5 mg/ml of c. nutans extract.The activity of NK cells was significantly decreased at the concentrations of 1 and 5 mg/ml.Furthermore the level of IL-2 released from c. nutans treated-mononuclear cells was undetectable, whereas that of IL-4 was shown to be induced by the extract at the concentrations of 2.5 and 5 mg/ml.These data suggested that the effect of c. nutans on human CMIR in vitro may be partially due to the release of IL-4 from peripheral blood mononuclear cells.",https://digital.car.chula.ac.th/cgi/viewcontent.cgi?article=1208&context=tjps,https://doi.org/10.56808/3027-7922.1208,1996-01-01
Chemical Compositions and Antimicrobial Activities of Essential Oil from Melaleuca leucadendron var. Minor(องคประกอบทางเคมและฤทธตานจลนทรยของนำมนห...,ต(น ะเภส ั ชศาส ตร์ m,https://digital.car.chula.ac.th/cgi/viewcontent.cgi?article=2312&context=tjps,https://doi.org/10.56808/3027-7922.2312,2001-01-01
スギ花粉症とダニの舌下免疫療法―自験例に基づく治療方針と工夫―,"スギ花粉とダニの舌下免疫療法は, アレルギー性鼻炎治療の重要な治療として定着しつつある. 筆者は1,800例を超える SLIT の治療実績があり, 自験例に基づく治療方針や工夫を紹介する. 小児のスギ花粉症は急増しており, 最近の疫学調査から10歳未満の3人に約1人が10年以内にスギ花粉症を発症すると推測される. 2018年にスギ花粉とダニの舌下免疫療法が低年齢児にも治療できるようになった. 小児は成人と同じ用法用量で治療すればよく, 成人と同等の高い有効性があり, 安全性も成人と変わらない. SLIT 治療年数とともに効果の上乗せがあり, 治療終了後の効果持続を期待し, 4年間程度の継続治療を勧めている. 副反応は, 投与アレルゲンが増えると増え, 副反応で一時的減量が必要な例もあるが, 適切な時期に再増量を計画する. スギ花粉は全例が最大維持量にでき, ダニも適切な対処で最大維持量にできる. アドヒアランスが重要であるが, 患者の治療意欲を保つ工夫も必要である. 多重アレルゲン感作の例が多いが, 感作が多くても同じ効果を期待できる. 特にスギ花粉とダニの重複感作が多いので, 両方のアレルゲンで治療する Dual SLIT も安全にでき, 今後の治療例も増えるだろう. COVID-19 による患者受診抑制の中, 舌下免疫療法患者は影響を受けにくいので, 経営面も含めた大きな治療戦略となるだろう.",https://www.jstage.jst.go.jp/article/jibiinkoka/124/7/124_968/_pdf,https://doi.org/10.3950/jibiinkoka.124.968,2021-07-20
It’s time to reward the gift of life,,http://nephropathol.com/PDF/JNP_20160708132446,https://doi.org/10.15171/jnp.2016.16,2016-05-02
Variation of Active Constituents of Curcuma domestica Rhizomes at Different Ages(การเปลยนแปลงปรมาณสารสำคญของขมนชน ในระยะเวลาเกบเก...,"Rhizom es o f Curcum a domestica Valeton at different ages w ere collected from Nakorn Pathom and Prachuap K hiri Khan provinces. The quantities o f the active constituents, curcum inoids and volotile oil, o f the rhizom es w ere determ ined. It w as fou n d that rhizom es from five m onth-old plants yielded the highest content o f the activeconstituents.Stability o f the active constituents w a s also studied and the results were discussed.",https://digital.car.chula.ac.th/cgi/viewcontent.cgi?article=1271&context=tjps,https://doi.org/10.56808/3027-7922.1271,1992-01-01
On classical quotients of polynomial identity rings with involution,"Let <inline-formula content-type=""math/mathml""> <mml:math xmlns:mml=""http://www.w3.org/1998/Math/MathML"" alttext=""left-parenthesis upper R comma asterisk right-parenthesis""> <mml:semantics> <mml:mrow> <mml:mo stretchy=""false"">(</mml:mo> <mml:mi>R</mml:mi> <mml:mo>,</mml:mo> <mml:mo>∗<!-- ∗ --></mml:mo> <mml:mo stretchy=""false"">)</mml:mo> </mml:mrow> <mml:annotation encoding=""application/x-tex"">(R, \ast )</mml:annotation> </mml:semantics> </mml:math> </inline-formula> denote a ring <inline-formula content-type=""math/mathml""> <mml:math xmlns:mml=""http://www.w3.org/1998/Math/MathML"" alttext=""upper R""> <mml:semantics> <mml:mi>R</mml:mi> <mml:annotation encoding=""application/x-tex"">R</mml:annotation> </mml:semantics> </mml:math> </inline-formula> with involution <inline-formula content-type=""math/mathml""> <mml:math xmlns:mml=""http://www.w3.org/1998/Math/MathML"" alttext=""left-parenthesis asterisk right-parenthesis""> <mml:semantics> <mml:mrow> <mml:mo stretchy=""false"">(</mml:mo> <mml:mo>∗<!-- ∗ --></mml:mo> <mml:mo stretchy=""false"">)</mml:mo> </mml:mrow> <mml:annotation encoding=""application/x-tex"">( \ast )</mml:annotation> </mml:semantics> </mml:math> </inline-formula>, where “involution” means “<inline-formula content-type=""math/mathml""> <mml:math xmlns:mml=""http://www.w3.org/1998/Math/MathML"" alttext=""anti hyphen automorphism of order less-than-over-equals two""> <mml:semantics> <mml:mrow> <mml:mrow class=""MJX-TeXAtom-ORD""> <mml:mtext>anti - automorphism of order</mml:mtext> </mml:mrow> <mml:mo>≦<!-- ≦ --></mml:mo> <mml:mrow class=""MJX-TeXAtom-ORD""> <mml:mtext> two</mml:mtext> </mml:mrow> </mml:mrow> <mml:annotation encoding=""application/x-tex"">{\text {anti - automorphism of order}} \leqq {\text { two}}</mml:annotation> </mml:semantics> </mml:math> </inline-formula>"". We can specialize many ring-theoretical concepts to rings with involution; in particular an <italic>ideal</italic> of <inline-formula content-type=""math/mathml""> <mml:math xmlns:mml=""http://www.w3.org/1998/Math/MathML"" alttext=""left-parenthesis upper R comma asterisk right-parenthesis""> <mml:semantics> <mml:mrow> <mml:mo stretchy=""false"">(</mml:mo> <mml:mi>R</mml:mi> <mml:mo>,</mml:mo> <mml:mo>∗<!-- ∗ --></mml:mo> <mml:mo stretchy=""false"">)</mml:mo> </mml:mrow> <mml:annotation encoding=""application/x-tex"">(R, \ast )</mml:annotation> </mml:semantics> </mml:math> </inline-formula> is an ideal of <inline-formula content-type=""math/mathml""> <mml:math xmlns:mml=""http://www.w3.org/1998/Math/MathML"" alttext=""upper R""> <mml:semantics> <mml:mi>R</mml:mi> <mml:annotation encoding=""application/x-tex"">R</mml:annotation> </mml:semantics> </mml:math> </inline-formula> stable under <inline-formula content-type=""math/mathml""> <mml:math xmlns:mml=""http://www.w3.org/1998/Math/MathML"" alttext=""left-parenthesis asterisk right-parenthesis""> <mml:semantics> <mml:mrow> <mml:mo stretchy=""false"">(</mml:mo> <mml:mo>∗<!-- ∗ --></mml:mo> <mml:mo stretchy=""false"">)</mml:mo> </mml:mrow> <mml:annotation encoding=""application/x-tex"">( \ast )</mml:annotation> </mml:semantics> </mml:math> </inline-formula>, and <italic>the center of</italic> <inline-formula content-type=""math/mathml""> <mml:math xmlns:mml=""http://www.w3.org/1998/Math/MathML"" alttext=""left-parenthesis upper R comma asterisk right-parenthesis""> <mml:semantics> <mml:mrow> <mml:mo stretchy=""false"">(</mml:mo> <mml:mi>R</mml:mi> <mml:mo>,</mml:mo> <mml:mo>∗<!-- ∗ --></mml:mo> <mml:mo stretchy=""false"">)</mml:mo> </mml:mrow> <mml:annotation encoding=""application/x-tex"">(R, \ast )</mml:annotation> </mml:semantics> </mml:math> </inline-formula> is the set of central elements of <inline-formula content-type=""math/mathml""> <mml:math xmlns:mml=""http://www.w3.org/1998/Math/MathML"" alttext=""upper R""> <mml:semantics> <mml:mi>R</mml:mi> <mml:annotation encoding=""application/x-tex"">R</mml:annotation> </mml:semantics> </mml:math> </inline-formula> which are fixed under <inline-formula content-type=""math/mathml""> <mml:math xmlns:mml=""http://www.w3.org/1998/Math/MathML"" alttext=""left-parenthesis asterisk right-parenthesis""> <mml:semantics> <mml:mrow> <mml:mo stretchy=""false"">(</mml:mo> <mml:mo>∗<!-- ∗ --></mml:mo> <mml:mo stretchy=""false"">)</mml:mo> </mml:mrow> <mml:annotation encoding=""application/x-tex"">( \ast )</mml:annotation> </mml:semantics> </mml:math> </inline-formula>. Then we say <inline-formula content-type=""math/mathml""> <mml:math xmlns:mml=""http://www.w3.org/1998/Math/MathML"" alttext=""left-parenthesis upper R comma asterisk right-parenthesis""> <mml:semantics> <mml:mrow> <mml:mo stretchy=""false"">(</mml:mo> <mml:mi>R</mml:mi> <mml:mo>,</mml:mo> <mml:mo>∗<!-- ∗ --></mml:mo> <mml:mo stretchy=""false"">)</mml:mo> </mml:mrow> <mml:annotation encoding=""application/x-tex"">(R, \ast )</mml:annotation> </mml:semantics> </mml:math> </inline-formula> <italic>is prime</italic> when the product of any two nonzero ideals of <inline-formula content-type=""math/mathml""> <mml:math xmlns:mml=""http://www.w3.org/1998/Math/MathML"" alttext=""left-parenthesis upper R comma asterisk right-parenthesis""> <mml:semantics> <mml:mrow> <mml:mo stretchy=""false"">(</mml:mo> <mml:mi>R</mml:mi> <mml:mo>,</mml:mo> <mml:mo>∗<!-- ∗ --></mml:mo> <mml:mo stretchy=""false"">)</mml:mo> </mml:mrow> <mml:annotation encoding=""application/x-tex"">(R, \ast )</mml:annotation> </mml:semantics> </mml:math> </inline-formula> is nonzero; similarly <inline-formula content-type=""math/mathml""> <mml:math xmlns:mml=""http://www.w3.org/1998/Math/MathML"" alttext=""left-parenthesis upper R comma asterisk right-parenthesis""> <mml:semantics> <mml:mrow> <mml:mo stretchy=""false"">(</mml:mo> <mml:mi>R</mml:mi> <mml:mo>,</mml:mo> <mml:mo>∗<!-- ∗ --></mml:mo> <mml:mo stretchy=""false"">)</mml:mo> </mml:mrow> <mml:annotation encoding=""application/x-tex"">(R, \ast )</mml:annotation> </mml:semantics> </mml:math> </inline-formula> <italic>is semiprime</italic> when any power of a nonzero ideal of <inline-formula content-type=""math/mathml""> <mml:math xmlns:mml=""http://www.w3.org/1998/Math/MathML"" alttext=""left-parenthesis upper R comma asterisk right-parenthesis""> <mml:semantics> <mml:mrow> <mml:mo stretchy=""false"">(</mml:mo> <mml:mi>R</mml:mi> <mml:mo>,</mml:mo> <mml:mo>∗<!-- ∗ --></mml:mo> <mml:mo stretchy=""false"">)</mml:mo> </mml:mrow> <mml:annotation encoding=""application/x-tex"">(R, \ast )</mml:annotation> </mml:semantics> </mml:math> </inline-formula> is nonzero. The main result of this paper is a strong analogue to Posner’s theorem [<bold>5</bold>], namely that any prime <inline-formula content-type=""math/mathml""> <mml:math xmlns:mml=""http://www.w3.org/1998/Math/MathML"" alttext=""left-parenthesis upper R comma asterisk right-parenthesis""> <mml:semantics> <mml:mrow> <mml:mo stretchy=""false"">(</mml:mo> <mml:mi>R</mml:mi> <mml:mo>,</mml:mo> <mml:mo>∗<!-- ∗ --></mml:mo> <mml:mo stretchy=""false"">)</mml:mo> </mml:mrow> <mml:annotation encoding=""application/x-tex"">(R, \ast )</mml:annotation> </mml:semantics> </mml:math> </inline-formula> with polynomial identity has a ring of quotients <inline-formula content-type=""math/mathml""> <mml:math xmlns:mml=""http://www.w3.org/1998/Math/MathML"" alttext=""upper R Subscript upper T""> <mml:semantics> <mml:mrow class=""MJX-TeXAtom-ORD""> <mml:msub> <mml:mi>R</mml:mi> <mml:mi>T</mml:mi> </mml:msub> </mml:mrow> <mml:annotation encoding=""application/x-tex"">{R_T}</mml:annotation> </mml:semantics> </mml:math> </inline-formula>, formed merely by adjoining inverses of nonzero elements of the center of <inline-formula content-type=""math/mathml""> <mml:math xmlns:mml=""http://www.w3.org/1998/Math/MathML"" alttext=""left-parenthesis upper R comma asterisk right-parenthesis""> <mml:semantics> <mml:mrow> <mml:mo stretchy=""false"">(</mml:mo> <mml:mi>R</mml:mi> <mml:mo>,</mml:mo> <mml:mo>∗<!-- ∗ --></mml:mo> <mml:mo stretchy=""false"">)</mml:mo> </mml:mrow> <mml:annotation encoding=""application/x-tex"">(R, \ast )</mml:annotation> </mml:semantics> </mml:math> </inline-formula>. This quotient ring <inline-formula content-type=""math/mathml""> <mml:math xmlns:mml=""http://www.w3.org/1998/Math/MathML"" alttext=""left-parenthesis upper R Subscript upper T Baseline comma asterisk right-parenthesis""> <mml:semantics> <mml:mrow> <mml:mo stretchy=""false"">(</mml:mo> <mml:mrow class=""MJX-TeXAtom-ORD""> <mml:msub> <mml:mi>R</mml:mi> <mml:mi>T</mml:mi> </mml:msub> </mml:mrow> <mml:mo>,</mml:mo> <mml:mo>∗<!-- ∗ --></mml:mo> <mml:mo stretchy=""false"">)</mml:mo> </mml:mrow> <mml:annotation encoding=""application/x-tex"">({R_T}, \ast )</mml:annotation> </mml:semantics> </mml:math> </inline-formula> is simple and finite dimensional over its center. An extension of these results to semiprime Goldie rings with polynomial identity is given.",https://www.ams.org/proc/1973-040-01/S0002-9939-1973-0323822-8/S0002-9939-1973-0323822-8.pdf,https://doi.org/10.1090/s0002-9939-1973-0323822-8,1973-01-01
Screening of Some Rubiaceous Plants for Cytotoxic Activity Against Cervix Carcinoma (KB-3-1) Cell Line (การคดกรองความปนพษตอเซลลมะเรงปากมดลกชนด KB-3-1 ข...,Against Cervix Carcinoma (KB-3-1) Cell Line (การคั ดกรองความป็ นพิ ษ Against Cervix Carcinoma (KB,https://digital.car.chula.ac.th/cgi/viewcontent.cgi?article=2279&context=tjps,https://doi.org/10.56808/3027-7922.2279,2003-01-01
Warehouse Management System,คลังสินค้าเป็นส่วนสำคัญทางกลยุทธ์ในห่วงโซ่อุปทาน นอกเหนือจากเป็นสถานที่เก็บสำรองสินค้าสำเร็จรูปหรือวัตถุดิบเพื่อป้องกันการเปลี่ยนแปลงของอุปสงค์และอุปทานในช่วงเวลาสั้นๆแล้ว คลังสินค้ายังเป็นสถานที่สร้างมูลค่าเพิ่มให้กับสินค้าเช่น รวบรวมสินค้าและประกอบขั้นสุดท้าย เป็นต้น ในปัจจุบันประเทศไทยอยู่ในช่วงเปลี่ยนแปลงเทคโนโลยีสารสนเทศในคลังสินค้าเนื่องจากค่าใช้จ่ายด้านแรงงานและความต้องการในการบูรณาการด้านข้อมูลจากลูกค้าที่สูงขึ้น องค์กรขนาดใหญ่เริ่มตระหนักถึงการเปลี่ยนแปลงนี้และได้ยกระดับคลังสินค้าโดยการนำระบบจัดการคลังสินค้า (Warehouse Management System: WMS) ซึ่งเป็นระบบเทคโนโลยีสารสนเทศเพื่อช่วยเหลือในการจัดการคลังสินค้ามาใช้ในการเก็บข้อมูลและจัดการบริหารงานภายในคลังสินค้า อย่างไรก็ดีการลงทุนในระบบ WMS เป็นการลงทุนทางกลยุทธ์ซึ่งมีค่าใช้จ่ายสูงและต้องการเวลาในการปรับเปลี่ยนค่อนข้างมาก ดังนั้นบทความนี้มีเป้าหมายเพื่อแนะนำให้ผู้ประกอบการขนาดกลางและขนาดย่อมเข้าใจถึงขีดความสามารถในการแก้ปัญหาภายในคลังสินค้าด้วยระบบ WMS รวมถึงความแตกต่างระหว่างการจัดการข้อมูลสินค้าในระบบ WMS และการบริหารพัสดุคงคลังในระบบบัญชี จากการสรุปงานเกี่ยวกับระบบ WMS จากต่างประเทศร่วมกับประสบการณ์การเยี่ยมชมคลังสินค้าในประเทศ คณะผู้จัดทำได้เสนอสัญญาณทางธุรกิจและข้อแนะนำเกี่ยวกับระบบ WMS เพื่อให้ผู้ประกอบการใช้ประเมินว่าระบบ WMS เหมาะสมกับการนำไปประยุกต์ใช้ในคลังสินค้าของตนหรือไม่,http://www.ej.eng.chula.ac.th/thai/index.php/ej/article/download/260/122,https://doi.org/10.4186/ejth.2013.5.2.49,2013-05-01
Development and Validation of an Instrument to Assess the General Knowledge of Patients with Diabetes(การสรางและทดสอบความตรงของเครองมอเพอใชวดควา...,"The purpose of this methodological study was to develop a reliable and valid instrument to assess the general knowledge of diabetic patients.The study was implemented through three major steps: (l) instrument development, (2) expert review of the instrument, and (3) testing of the instrument.Generated instrument items were based on literature review, resulting 40 items.The response choice was true, false, and unknown.After content validation by expert review panel, the instrument was pretested with a sample of 15 patients and tested with a sample of 811 diabetic patients from twentyone hospitals and revised based on item analysis, resulting 21 items.The results indicated that the instrument had content validity and high reliability.All 21 items passed the item analysis criteria with Kuder-Richardson 20 of 0.81.Further testing of the instrument would provide more evidence for its construct validity when assessing diabetic patients' knowledge.Ultimately, this instrument can be used to assess the effect of providing diabetic education program by pharmacists and other health care professionals and test for future research questions or hypotheses.",https://digital.car.chula.ac.th/cgi/viewcontent.cgi?article=2243&context=tjps,https://doi.org/10.56808/3027-7922.2243,2004-01-01
Effect of Stabilizers and Process Parameters for Budesonide Loaded PLGA-Nanoparticles,"The present work is aimed at investigations of the effects of various stabilizers and process parameters on the properties of budesonide (glucocorticoid steroid) loaded PLGA (Poly-dl-lactide-co-glycolide) nanoparticles. Budesonide loaded PLGA nanoparticles were prepared following high pressure emulsification- solvent evaporation technique. The effects of three different stabilizers like polyvinylalcohol (PVA), carbomer (Carbopol 980) and poloxamer (Lutrol F-68) are used during emulsification process were studied. Investigations were also carried out regarding influences of different homogenization parameters (pressure and number of cycles) on the properties of various nanoparticles. For comparison, nanoparticles were prepared without the treatment of high pressure also. Various properties of nanoparticles subjected to investigations include, particle size, polydispersity index, drug loading, encapsulation efficiency and the drug release profile. These properties were found to be strongly influenced by the type of stabilizer, homogenization pressure and the number of cycles. Amongst three stabilizers, PVA found to produce comparatively smallest nanoparticles than poloxamer and carbomer. The nanoparticles prepared without high pressure homogenization found to posse’s larger size and high values of polydispersity index especially with the stabilizers carbomer and poloxamer. The low drug loading of nanoparticles found, could be resulted due to high pressure promoted drug diffusion from the protoparticles during the emulsification process and the characteristics of the outer water phase of emulsion. Faster drug release was observed from the nanoparticles obtained after high pressure emulsification as compared to those prepared without pressure homogenization of emulsion. keywords: Budesonide, nanoparticles, polyvinylalcohol, carbomer, poloxamer, homogenization.",http://arjournals.org/index.php/ijdd/article/view/233,,2011-01-01
A High Pressure Liquid Chromatographic Method for the Determination of Arecoline in Areca Nuts(การหาปรมาณอะรโคลนในผลหมากโดยวธโครมาโทกราฟสมรรถน...,,https://digital.car.chula.ac.th/cgi/viewcontent.cgi?article=2268&context=tjps,https://doi.org/10.56808/3027-7922.2268,2003-01-01
It’s only human,"In the field of genomics we academics have always worked closely with our industrial partners who develop the tools of the trade. Recently this relationship has been dominated by Illumina, a company who, more than any other, has propelled DNA sequencing from a glamour branch of genetics to the most exciting area of biomedical science to work in. For the last few years Illumina has left most of us in besotted awe of their machines; like wide-eyed Apple groupies we never tire of discussing the awesomeness of their technology. Illumina have powered the genomic revolution and we can only hold up our hands in admiration, as we have been beneficiaries of their success just as much as their shareholders. You may almost call it symbiotic - but you would be wrong. Recent events should remind us that we are customers not colleagues.

On January 14 Illumina made a major announcement at the JP Morgan Healthcare conference [1]. They unveiled the Hiseq X Ten, an amazing new instrument that they say:

● Can sequence a human genome for less than $1,000 (so we can all stop predicting when that’s going to happen now)

● Can only be bought in batches of 10 at an eye watering $10Million

● Can only be used to sequence human DNA

Yes! it can ONLY be used to sequence human DNA!

Heckles should always be raised whenever a scientist hears something from a science-led company that sounds like bad science. Now, last time I checked, and it has been a while since I read much on basic DNA chemistry, human DNA is … well… deoxyribonucleic acid; in a similar way to mouse DNA, banana DNA, armadillo DNA and Mycobacterium tuberculosis DNA. Many of my research hypotheses are based on this naive assumption, but when I heard about the X Ten, it seemed Illumina had hit upon some unique intrinsic quality of our blessed DNA that makes it particularly… erm, humany, allowing their new machine to only work on our highly specialized genetic code. The intelligent design army would be delighted, and that’s always a bad sign. But people who have been hanging around the next-generation sequencing scene in the last five years or so were crumpling their noses at this news as everything about it smelled fishy, not just the special properties of human DNA bit. Why not announce it at the AGBT meeting like everyone else? Why 10 at a time? (Can you imagine the iPad Ten or the Ferrari Ten?) What were Illumina up to here?

First, let’s look at why this machine only sequences human DNA - it’s because the conditions of purchase require that you only use it for human DNA. It is not optimized for human DNA, Illumina just don’t want you to use it for anything else. In the same way that a Hewlett Packard printer could work with third party print cartridges, or DVDs bought in Europe could work in the USA; the reason they don’t is that technical or legal roadblocks have been built to limit these systems. Not because it makes them better, it just keeps the customers under control. And if you think that this restriction will be like the days when we were only supposed to use Taq that was ‘licensed to PCR’ but we all used the cheap stuff from Promega anyway, it won’t be - this rule will be enforced.

The motivation behind all this is revealed in where the X Ten was announced; at a healthcare investment conference. It’s clear who the perceived beneficiaries of this new machine will be. Also of note is Illumina’s hand-break U-turn in strategy from ‘cheap sequencing for all’ to ‘cheap sequencers for the wealthy centers’ by only selling the machine in packs of 10. Although instruments were announced that were aimed at smaller labs, the NextSeq and a cheaper MiSeq, these can’t compete in cost per base with the X Ten. Blogger Mick Watson, usually a stalwart, pom-pom spinning Illumina cheerleader (sorry Mick, it’s true), has dubbed this ‘de-democratizing sequencing’ [2]. The reason for this move is not clear to me but I expect it helps in policing the only-human contract - production centers are far less likely to perform homebrew experiments.

All of this is aimed at engineering market separation between human genome sequence production and everyone else. This is worrying in part because the bioinformatics and laboratory developments at these centers have driven research in all areas of genomic science. If they are working on a different technology to the rest of us we all suffer.

So… why would Illumina wish to segregate the genomics community? My theory is as follows.

In the last year or so BGI bought Complete Genomics [3] and has been competing quite aggressively on price with Illlumina for large-scale human DNA sequencing. Currently the business model of Complete Genomics has been only to focus on human sequencing, as they don’t sell technology, they sell a service. Illumina need to bring out new, cheaper technology to ensure their market dominance in the all-important human sequencing arena but they can see little advantage in making it cheap for everyone else, as it will just reduce their bottom line. Hence a super-sequencer that is locked to human seems like a pretty neat idea to the accountants.

I call this the ‘Accountants sacrificing humans for profit’ theory. Amongst those I have asked, my theory has been widely accepted. On the acceptance spectrum, it is pretty close to the theory of evolution and way ahead of string theory. Also, I may not be the first person to propose this theory [4].

This sort of control is akin to region encoding of DVD players, it is a technology which serves to allow industry greater control over the market, but makes the product less useful. In science, I can’t think of a parallel. I wonder if the genomics community has found themselves in a unique situation where they are subject to the whims of a commercial cartel. Are there companies that make telescopes that can only be used to study spiral arm galaxies and not nebula ones? Or mass spectrometers that will only work with carbon containing compounds? Yet it seems that some institutes are quite willing to be complicit in this exercise and have signed up to have their hands tied in return for cheap sequence. So that as the thousands of genomes roll off the new X Ten centers, Illumina sequence will remain as the industry standard for human genomics, which places them in prime position for rare disease testing, patient stratification and so on, while ensuring the rest of the bioscience community does not slipstream any benefit from the technology.

I am sure neo-capitalist readers are gasping to tell me how market economics works, but I DO GET IT. The reason Illumina have invested so many research dollars in this technology is to cash in on the clinical market, that’s how these companies work. But we academics have been leveraging the perceived potential of personal genomics, and the tools developed for it, to drive forward research and discovery in all areas of biological science. We have imposed the power of next-generation sequencing on areas of research such as food security, global climate change and biodiversity, but apparently this technology was never meant for everyone - it was only really developed for the clinical market. I imagine that some may say that us freeloaders were never going to pay for the ride so we deserved to be thrown off the train - that’s market economics - live with it.

But how far do we take this argument? Is it OK that you don’t get to use the best and cheapest technology if you are sequencing pathogens that cause HIV, tuberculosis or malaria, or if you are developing drought tolerant crops or cataloging endangered species? If the technology exists to drive this research forward, is it OK to prevent people from using it? When did we start leaving these decisions to industry? I am somewhat surprised that there has been so little discussion around the principle of a company dictating to scientists what samples are allowed to be run on their products.

One of the things about working in academic science that gives me that warm fuzzy feeling inside is that we are a community held together by a passion for discovery. Regardless of if we work on cancer, infection, plant development or intertidal bivalve diversity, whether we are tenured professors or PhD students, we have a common respect for our shared discipline of science. There is a humility and nobility to our existence that gives us an inner smugness, like the Type 1 Volkswagen Beetle owners who wave at each other as they pass on the road. Maybe the problem I have with Illumina’s strategy is that it has nothing to do with discovery, science or even human health. It grates like fingers scraping the chalkboard of my academic utopia. This policy, which could prevent researchers from using technology that may help to solve some of the great challenges affecting humankind, is motivated by the same thing that caused some pharmaceutical companies to try to block generic drug licenses for developing countries. As the greatest market manipulator of them all, Bill Gates, once said, ‘You know capitalism is this wonderful thing that motivates people, it causes wonderful inventions to be done. But in this area of diseases of the world at large, it’s really let us down’ [5].",https://genomebiology.biomedcentral.com/counter/pdf/10.1186/gb4159,https://doi.org/10.1186/gb4159,2014-02-12
Brave new world,,https://link.springer.com/content/pdf/10.1007%2Fs10533-017-0316-y.pdf,https://doi.org/10.1007/s10533-017-0316-y,2017-03-01
Indole Alkaloids from the Fruits of Alstonia scholaris(อนโดลแอลคาลอยดจากผลของพญาสตบรรณ),"A MeOH extract prepared from the fruits of Alstonia scholaris, after acid-base treatm ent, gave a crude alkaloid extract which was then subjected to chromatographic separation to afford four indole alkaloids, namely 19-77-picrinine (l),19-A, -akuammidine (2), 19-ifvallesam ine (3) and 19A'-scholaricine (4).The structure identifications of these compounds were done by analysis of their spectroscopic properties (MS, 1แ and 13NMR, DEPT, COSY, NOESY, HETCOR, COLOC, HMQC and HMBC).Alkaloids 1, 3, and 4 were isolated from the fruits of this plant for the first time.",https://digital.car.chula.ac.th/cgi/viewcontent.cgi?article=2255&context=tjps,https://doi.org/10.56808/3027-7922.2255,2004-01-01
Study of Antiemetic Activity of Morinda citrifolia L. Fruits(การศกษาฤทธตานอาเจยนของผลยอ),"Morinda citrifolia L. or ' Yor' is one of sixty six medicinal plants selected for the primary health care in Thailand.According to Thai traditional medicine, infusion or decoction of roasted or grilled mature, unripe fruits has been used to relieve nausea and vomiting symptom.However, pharmacological data to support this therapeutic claim are still lacking.This study was therefore conducted to determine if M. citrifolia fruits would possess antidopaminergic activity that would be responsible for its antiemetic action.Using antagonism of apomorphine-induced gnawing behavior model, water extract at the dose equivalent to crude drug 40 g/kg of body weight (g/kg BW) significantly reduced the duration of gnawing in rats.However, water extract at the dose equivalent to 25 g of crude drug could not prevent apomorphineinduced vomiting in dogs.In addition, the ability of the water extract to stimulate gastric emptying and G1 motility or prokinetic activity, which is another action of most dopamine-antagonist antiemetics, was also determined.In mice, water extract at the doses equivalent to crude drug 10 and 20 g/kg BW increased % G1 transit of charcoal in the small intestine, but 20 g/kg BW of the extract could not antagonize apomorphineinduced delay of gastric emptying.In conclusion, even though water extract could not antagonize the effects of apomorphine in dogs or mice, it decreased the duration of apomorphine-induced gnawing behavior in rats and showed prokinetic activity in mice.The results suggested that M. citrifolia fruits might contain a weak antidopaminergic agent responsible for its weak antiemetic effect observed in humans.",https://digital.car.chula.ac.th/cgi/viewcontent.cgi?article=1202&context=tjps,https://doi.org/10.56808/3027-7922.1202,1996-01-01
The seroprevalence of Porcine Reproductive and Respiratory Syndrome (PRRS) virus among swine breeding farms in the central and north-eastern part of Thailand(ความชกของโรค พ อาร อาร เอส ของฟารมสกรพอแมพนธในภาคกลาง และภาคตะวนออกเฉยงเหนอของประเทศไทย),"A PRRS virus specific antibody among swine breeding farms in Thailand was studied. Serum samples were collected from 15 breeder farms in central and north-eastern part of Thailand during January to March 1995. Of total 449 samples, 286 (64%) were revealed PRRS-antibody indicated the history of PRRS virus exposure. The exposure rate was varied from 20-90% from farm to farm which appeared among replacement gilts, primiparous sows, multiparous sows and boars. The highest prevalence (75%) was in replacement gilts. This study demonstrated a seroprevalence of PRRS virus among swine breeder farms in Thailand. (ได้ทำการสำรวจความชุกของโรค พี อาร์ อาร์ เอส ในฟาร์มสุกรพ่อแม่พันธุ์ โดยการตรวจแอนติบอดี้ต่อเชื้อไวรัส พี อาร์ อาร์ เอส ในซีรั่มสุกรซึ่งสุ่มตรวจจากฟาร์ม พ่อแม่พันธุ์ 15 ฟาร์มในพื้นที่ต่าง ๆ ทั้งภาคกลางและภาคตะวันออกเฉียงเหนือของประเทศ ไทย จำนวนทั้งสิ้น 449 ตัวอย่าง ช่วงเดือนมกราคมถึงเดือนมีนาคม พ.ศ.2538 พบแอนติบอดี้ที่บ่งบอกการเคยมีประวัติสัมผัสเชื้อไวรัสดังกล่าวมาก่อนในสุกรจำนวน 286 ตัวอย่าง คิดเป็น 64% ในแต่ละฟาร์มดังกล่าวตรวจพบอัตราการสัมผัสเชื้อตั้งแต่ 20-90% ซึ่งส่วนใหญ่จะมีการกระจายของสุกรที่สัมผัสเชื้อทั้งในสุกรสาว แม่สุกรท้องแรก แม่สุกรหลายท้อง และพ่อสุกร โดยพบอัตราการสัมผัสเชื้อสูงสุดในสุกรสาวทดแทนถึง 75% ข้อมูลดังกล่าวแสดงถึงความชุกของโรค พี อาร์ อาร์ เอส ที่ปรากฏในพื้นที่ดังกล่าวในช่วงต้นปี พ.ศ.2538)",https://digital.car.chula.ac.th/cgi/viewcontent.cgi?article=1670&context=tjvm,https://doi.org/10.56808/2985-1130.1670,1995-09-01
The role of socio-economic factors responsible for non-compliance of directly observed treatment short-course among tuberculosis patients,"Introduction: Tuberculosis has gone out of control in many parts of world. The therapeutic regimens given under direct observation as recommended by world Health Organization have been shown to be highly effective for both preventing and treating tuberculosis but poor compliance to anti-tuberculosis medication (ATT) is a major barrier to its global controls. Objectives: The role of socio-economic factors responsible for non-compliance of directly observed treatment short-course (DOTS) among Tuberculosis Patients. Materials and Methods: Cross sectional study, interviewed using a set of questionnaire. Participants were enrolled at DOTS centre of Lala Ram Sarup Institute of tuberculosis and Respiratory disease New Delhi, India. Patients who interrupted treatment for more than 2 months consecutively were classified as non-compliance cases. T-test was used for comparing the means of the control and case groups. Results: Majority of study population (45%) was in age group of 31 -45 years, which is the productive age. 85 % noncompliant patients believed anti TB drugs to be bad and 15 % accepted as good for them. Similarly 87 % believed to stop ATT very prematurely as soon as symptoms disappear while 13 % believed to continue as per DOTS volunteer advice. The study revealed that the non-compliance of DOTS was significantly high among those who were less educated, unskilled worker, low family income and upper lower class family. Conclusion: In Delhi region, the treatment of Tuberculosis was good and did not have much involvement of socio-economical role in the non-compliance of treatment. But still major hurdle is the inadequate education, occupation, and income.",http://ejournals.swu.ac.th/index.php/JMHS/article/view/1466,,2011-01-01
PHARMACOGNOSY : FAR FROM DEAD เภสชเวท : ยงไมสน,,https://digital.car.chula.ac.th/cgi/viewcontent.cgi?article=1433&context=tjps,https://doi.org/10.56808/3027-7922.1433,1987-01-01
ผลการพฒนากจกรรมการเรยนรในรายวชาพฒนาการของวรรณคดไทยโดยใชกระบวนการเรยนการสอนแบบ DACIR สำหรบนกศกษาระดบปรญญาตรหลกสตรครศาสตรบณฑตสาขาวชาภาษาไทย,ภูมิหลังและวัตถุประสงค์: การพัฒนาบุคคลกรในฐานะครูของสาขาวิชาภาษาไทยนั้นจำเป็นจะต้องได้รับการพัฒนาการจัดการเรียนการสอนที่จะส่งเสริมให้ผู้เรียนบรรลุเป้าประสงค์ของรายวิชาพัฒนาการของวรรณคดีไทยโดยอาศัยการจัดกิจกรรมการเรียนการสอนที่มุ่งเน้นให้ผู้เรียนได้ตั้งคำถามสำคัญกำหนดสมมติฐานในการศึกษามีความสัมพันธ์กับกระบวนการเรียนการสอน DACIR ที่มุ่งพัฒนาให้ผู้เรียนสามารถคิดวิเคราะห์ แยะแยะ และมีปฏิสัมพันธ์กับแหล่งข้อมูลที่หลากหลาย ดังนั้นงานวิจัยนี้มีวัตถุประสงค์เพื่อ 1) พัฒนากิจกรรมการเรียนรู้ในรายวิชาพัฒนาการของวรรณคดีไทย โดยใช้กระบวนการเรียนการสอนแบบ DACIR 2) เปรียบเทียบผลสัมฤทธิ์ทางการเรียนในรายวิชาพัฒนาการของวรรณคดีไทย 3) ศึกษาความพึงพอใจของผู้เรียนที่มีต่อการจัดกิจกรรมการเรียนรู้ในรายวิชาพัฒนาการของวรรณคดีไทย ระเบียบวิธีการวิจัย: ตัวอย่างการวิจัย ได้แก่ นักศึกษาระดับปริญญาตรีชั้นปีที่ 3 สาขาวิชาภาษาไทย มหาวิทยาลัยราชภัฏเทพสตรี ภาคเรียนที่ 1/2565 จำนวน 60 คน ได้มาจากสุ่มอย่างง่าย (Simple Random Sampling) เครื่องมือที่ใช้ในการวิจัย ได้แก่ กิจกรรมการเรียนรู้ในรายวิชาพัฒนาการของวรรณคดีไทย โดยใช้กระบวนการเรียนการสอนแบบ DACIRแบบวัดผลสัมฤทธิ์ทางการเรียน และแบบสอบถามความพึงพอใจ วิเคราะห์ข้อมูลโดยใช้ค่าความตรงเชิงเนื้อหา (Context Validity) ค่าเฉลี่ย ส่วนเบี่ยงเบนมาตรฐาน และการทดสอบค่า t-test ผลการวิจัย: 1) กิจกรรมการเรียนรู้ในรายวิชาพัฒนาการของวรรณคดีไทย โดยใช้กระบวนการเรียนการสอนแบบ DACIR มีค่าความตรงเชิงเนื้อหา (Context Validity) ในภาพรวมมีความเหมาะสมอยู่ในระดับมากที่สุด 2) ผลสัมฤทธิ์ทางการเรียนในรายวิชาพัฒนาการของวรรณคดีไทย หลังเรียนสูงกว่าก่อนเรียนอย่างมีนัยสําคัญทางสถิติที่ระดับ .05 3) ผู้เรียนมีความพึงพอใจที่มีต่อการจัดกิจกรรมการเรียนรู้ในรายวิชาพัฒนาการของวรรณคดีไทย โดยภาพรวมอยู่ในระดับมากที่สุด สรุปผล: กิจกรรมการเรียนรู้ในวิชาวรรณคดีไทยที่ใช้วิธี DACIR มีความเหมาะสมทางเนื้อหาสูงสุดและมีผลสัมฤทธิ์ทางการเรียนที่สูง เป็นที่พึงพอใจสูงสุดในภาพรวมของผู้เรียน,https://so03.tci-thaijo.org/index.php/IARJ/article/download/270078/180682,https://doi.org/10.60027/iarj.2023.270078,2023-11-20
Quality evaluation of Turmeric(การศกษาคณภาพของขมนชน),"Sixteen samples of Curcuma domestica Valeton rhizomes, eleven from different provinces in Thailand and five from Old-Styled drugstores in Bangkok were analyzed.The appropriate specifications of this dried crude drug were proposed i.e. volatile oil content not less than 7%, curcuminoids content not less than 7%, water content not more than 10%, ash content not more than 11% and acid-insoluble ash not more than 2%.Moreover, the contents of each individual curcuminoid (curcumin, desmethoxycurcumin and bisdesmethoxycurcumin) were determined.(Th.",https://digital.car.chula.ac.th/cgi/viewcontent.cgi?article=1386&context=tjps,https://doi.org/10.56808/3027-7922.1386,1988-01-01
ความคดเหนของนกศกษาตอการเรยนในชนเรยนปกตและการเรยนออนไลนแบบกะทนหน ในชวงการแพรระบาดของ COVID-19,"The COVID-19 pandemic has led to a sudden change from classroom face-to-face learning to emergency online learning.Although a number of studies have been conducted relating to students' perceptions on emergency online learning, many of these have not taken learners' perceptions on classroom face-to-face learning into account.This study investigated Thai undergraduate students' perceptions toward two different types of teaching from the same academic semester.An online questionnaire consisting of three parts: proportion of faceto-face learning and online learning, advantages and disadvantages of face-to-face learning, advantages and disadvantages of online learning was completed by 975 students.The findings revealed that most students preferred to have 70% face-to-face and 30% online classes.Ease of interaction between students and teachers, having a good learning environment, and having no concern of devices and internet connection were perceived advantages of classroom faceto-face learning, while lack of these three factors were perceived as disadvantages of online learning.Flexible time for learning, saving cost and time, developing self-managing learning skills, and having less exposure to COVID-19 were their perceived advantages of online learning.However, the students complained that they received considerably more assignments in the emergency online classes than the normal ones.Based on these findings, pedagogical implications for teaching in emergency online settings as well as in in-class and online blended classrooms are discussed.",https://so07.tci-thaijo.org/index.php/PasaaParitat/article/download/1251/1337/5144,https://doi.org/10.58837/chula.ppj.37.1,2022-01-01
Citizen Designs: City-Making and Democracy in Northeastern in Thailand,,https://so04.tci-thaijo.org/index.php/socialresearchjournal/article/download/253988/181336,https://doi.org/10.58837/chula.jsrr.44.2.7,2021-01-01
The Sustainable Urban Development Reader,ดูเหมือนว่าในปัจจุบันเมืองต่าง ๆ ทั่วโลกต่างเผชิญปัญหาที่คล้ายคลึงกัน เช่น ปัญหาการเพิ่มขึ้นของจำนวนรถส่วนตัว มลภาวะด้านต่าง ๆ ไม่ว่าน้ำเสีย อากาศเสีย เสียงดัง ขาดพื้นที่สีเขียว การทำลายภูมิทัศน์ดั้งเดิมของเมือง การแผ่ขยายของเมืองไปตามเส้นทางถนนที่ตัดใหม่ การเก็งกำไรที่ดิน การใช้ทรัพยากรธรรมชาติอย่างฟุ่มเฟือย การขาดอัตลักษณ์ของพื้นที่ ความไม่เท่าเทียมกันในการได้รับการบริการ ความขัดแย้งของการพัฒนาใหม่กับวิถีชีวิตของชาวเมืองผู้อยู่อาศัยอยู่เดิม เป็นต้น โดยเฉพาะเมืองในประเทศที่กำลังพัฒนามักจะเผชิญชุดปัญหาเดียวกับที่เมืองในประเทศอุตสาหกรรมได้เคยเผชิญไปก่อนหน้าแล้ว เพียงแต่ปัญหาของเมืองในประเทศที่กำลังพัฒนาเกิดหลังประเทศที่พัฒนาแล้วหลายสิบปี แต่ก็เป็นเรื่องแปลกที่ประเทศที่พัฒนาทีหลัง มักตามรอยผิดพลาดของประเทศอุตสาหกรรมเหมือนการฉายหนังของความผิดพลาดซ้ำแล้วซ้ำอีก,https://so02.tci-thaijo.org/index.php/jars/article/download/169173/121717,https://doi.org/10.56261/jars.v5i2.169173,2019-01-24
รายงานเบองตนการสำรวจ Neutralizing antibody ตอโรค Bovine ephemeral ในภาคใตของประเทศไทย,การสำรวจ neutralizing antibody ต่อโรค Bovine ephemeral fever (BEF)จากซีรั่มของโคและกระบือที่ได้จากการสำรวจโรคในปี 2525 ของศูนย์วินิจฉัยและ ชันสูตรโรคสัตว์ภาคใต้ โดยใช้ HmLu-l cell line และ YHL strain virus ปรากฏ ว่าตรวจพบ antibody ดังกล่าวถึง 70.0% ในโค 11 จังหวัด และ 47.5% ในกระบือ 4 จังหวัด แสดงให้เห็นว่าทางภาคใต้ของประเทศไทยมีโรค BEF แพร่อยู่ทั่วไป,https://digital.car.chula.ac.th/cgi/viewcontent.cgi?article=1367&context=tjvm,https://doi.org/10.56808/2985-1130.1367,1984-03-01
การพฒนาระบบบรหารจดการรถเชา,งานวิจัยนี้ มีวัตถุประสงค์เพื่อ 1) พัฒนาระบบบริหารจัดการรถเช่า และ 2) ศึกษาความพึงพอใจในการใช้งานระบบบริหารจัดการรถเช่า โดยใช้กระบวนการพัฒนาระบบตามวงจรการพัฒนาระบบ SDLC กลุ่มตัวอย่างในการวิจัยครั้งนี้คือ ตัวแทนประชากร จำนวน 30 คน เลือกกลุ่มตัวอย่างจากการสุ่มแบบเจาะจง เครื่องมือที่ใช้ในการวิจัย คือแบบประเมินความพึงพอใจในการใช้งานระบบบริหารจัดการรถเช่า การพัฒนาระบบใช้ PHP framework w3schools เป็นเว็บไซต์สำหรับเรียนรู้โค้ด จะคล้ายกับ bootstrap ที่นิยมใช้กันในปัจจุบัน และใช้ CSS JavaScript ในการพัฒนา และใช้ Apache 8.6.0 คือโปรแกรมที่ทำหน้าที่เป็นเว็บ Web Server และยังมีระบบบริหารจัดการรถเช่าเป็นเครื่องมือในการวิจัยด้วยเพื่อเก็บการประเมินพิพึ่งพอใจ สถิติที่ใช้ในการวิจัยได้แก่ ค่าเฉลี่ย และส่วนเบี่ยงเบนมาตรฐาน ซึ่งมีผลการวิจัยดังนี้ 1) ระบบบริหารจัดการรถเช่า ประกอบด้วย 3 ส่วน คือ ส่วนผู้ใช้ทั่วไป สามารถดูได้อย่างเดียว ส่วนสมาชิก สามารถจองรถ และมีระบบชำระเงินตามเงื่อนไขที่กำหนด และ ส่วนผู้ดูแลระบบ สามารถจัดการข้อมูลพื้นฐาน อนุมัติการจอง และตรวจสอบการชำระเงินได้ 2) ผลการประเมินความพึงพอใจของผู้ใช้งานระบบมีความพึงพอใจอยู่ในระดับมาก ด้วยค่าเฉลี่ย 4.27 ทั้งนี้ก็เพื่อให้ผู้ใช้ระบบได้ประโยขน์จากการเช่ารถออนไลน์ได้โดยไม่ต้องเดินทางมาเช่าที่ร้านและเพิ่มช่องทางรายได้ธุรกิจ,https://li02.tci-thaijo.org/index.php/STC/article/download/598/405,https://doi.org/10.57260/stc.2023.598,2023-08-12
ผลสมฤทธทางการเรยนและความพงพอใจของนกเรยนในการเรยนรแบบสะเตมศกษาโดยผานกระบวนการสรางสงคมแหงการเรยนรทางวชาชพในรายวชาเคมสำหรบนกเรยนระดบชนมธยมศกษาตอนปลายในภาคใตของประเทศไทย ในชวงทมการระบาดของโคโรนาไวรส (Learning Achievement and Student Satisfaction in the STEM Education through Professional Learning Community in the Chemistry Class of Secondary School Students in the Southern Region ofThailand during Pandemic),,https://digital.car.chula.ac.th/cgi/viewcontent.cgi?article=4056&context=educujournal,https://doi.org/10.58837/chula.educu.51.1.9,2023-01-01
Development of an Instructional Model Based on Inquiry-Based Learning and 360 Degree Feedback Approaches to Enhance English Argumentative Writing Ability of Undergraduate Students(การพฒนารปแบบการเรยนการสอนตามแนวคดการเรยนรแบบสบสอบรวมกบแนวคดการใหขอมลปอนกลบแบบ 360 องศา เพอสงเสรมความสามารถในการเขยนภาษาองกฤษเชงโตแยงของนกศกษาระดบปรญญาบณฑต),,https://digital.car.chula.ac.th/cgi/viewcontent.cgi?article=3771&context=educujournal,https://doi.org/10.58837/chula.educu.47.3.20,2019-07-01
ความสามารถในการกลบไปทำงานของผปวยโรคกลามเนอหวใจขาดเลอดหลงไดรบการฟนฟหวใจ โรงพยาบาลพทลง,"การฟื้นฟูหัวใจในผู้ป่วยกล้ามเนื้อหัวใจขาดเลือด มีเป้าหมายเพื่อป้องกันภาวะแทรกซ้อนและให้ผู้ป่วยทำกิจวัตรประจำวันได้การวิจัยเชิงพรรณนาครั้งนี้มีวัตถุประสงค์เพื่อศึกษาความสามารถในการกลับไปทำงานและปัจจัยที่มีผลกับความสามารถในการกลับไปทำงานหลังการฟื้นฟูหัวใจ กลุ่มตัวอย่าง คือ ผู้ป่วยโรคกล้ามเนื้อหัวใจขาดเลือด อายุน้อยกว่าหรือเท่ากับ 65 ปี ได้รับการรักษาที่ศูนย์ฟื้นฟูหัวใจ กลุ่มงานเวชกรรมฟื้นฟู โรงพยาบาลพัทลุง และทำงานอยู่ก่อน จำนวน 113 ราย เก็บข้อมูลจากเวชระเบียนและแบบสอบถามความสามารถในการทำกิจกรรมทางกาย (DASI - Thai version) อาการวิตกกังวลและอาการซึมเศร้า (Thai HADS) และทดสอบสมรรถภาพทางกายด้วยการเดิน 6 นาที (6 MWT) วิเคราะห์ข้อมูลด้วยสถิติเชิงพรรณนา Chi-square test, Fisher exact test และ Paired t-test ผลการวิจัยพบว่า ผู้ป่วยสามารถกลับไปทำงาน ได้ร้อยละ 88.49 ปัจจัยที่มีผลต่อการกลับไปทำงานอย่างมีนัยสำคัญทางสถิติ (p-value &lt; 0.05) คือ เพศ อายุ อาชีพ รายได้ ชนิดของการรักษาค่าสมรรถภาพการบีบตัวของหัวใจ การสูบบุหรี่ การดื่มสุรา การออกกำลังก่อนและหลังเป็นโรค อาการแน่นหน้าอกหลังการรักษา ระดับความสามารถในการทำกิจกรรมทางกาย และผลการเดิน 6 นาที ดังนั้น ควรส่งเสริมโปรแกรมฟื้นฟูหัวใจในผู้ป่วยกล้ามเนื้อหัวใจขาดเลือด ร่วมกับพิจารณาปัจจัยอื่น ๆ ที่มีผลร่วมรักษา เพื่อเพิ่มความสามารถในการกลับไปทำงานของผู้ป่วยต่อไป",https://he02.tci-thaijo.org/index.php/HSJT/article/download/250533/174089,https://doi.org/10.55164/hsjt.v4i1.250533,2022-01-25
ความรอบรดานสขภาพกบพฤตกรรมการปองกนโรคตดเชอไวรสโคโรนา 2019 ของประชากรวยแรงงานในจงหวดนครราชสมา,"โรคติดเชื้อไวรัสโคโรน่า 2019 เป็นโรคอุบัติใหม่ปัจจุบันมีการแพร่ระบาดทั่วโลกรวมถึงประเทศไทยที่ส่งผลให้เกิดการเจ็บป่วยและเสียชีวิตต่อประชากรจำนวนมาก ความรอบรู้ด้านสุขภาพและพฤติกรรมป้องกันโรคจึงมีความสำคัญ การวิจัยแบบภาคตัดขวางนี้มีวัตถุประสงค์หลักเพื่อศึกษาความสัมพันธ์ของ ความรอบรู้ด้านสุขภาพกับพฤติกรรมการป้องกันโรคติดเชื้อไวรัสโคโรน่า 2019 ในกลุ่มประชาชนวัยแรงงานจังหวัดนครราชสีมา จำนวน 585 คน สุ่มตัวอย่างแบบหลายขั้นตอน เก็บข้อมูลโดยใช้แบบสัมภาษณ์ วิเคราะห์ข้อมูลด้วยสถิติ Multiple logistic regression และนำเสนอด้วยค่า Adjusted odds ratio และ 95%CI ผลการศึกษา พบว่า ส่วนใหญ่มีความรอบรู้ด้านสุขภาพในภาพรวมอยู่ระดับไม่เพียงพอ ร้อยละ 31.62 มีพฤติกรรมการป้องกันโรคติดเชื้อไวรัสโคโรน่า 2019 ระดับปานกลาง ร้อยละ 54.70 และปัจจัยที่มีความสัมพันธ์กับพฤติกรรมการป้องกันโรคติดเชื้อไวรัสโคโรน่า 2019 ระดับสูง อย่างมีนัยสำคัญทางสถิติ p&lt;.05 ได้แก่ ความรอบรู้ด้านสุขภาพด้านทักษะการเข้าถึง (ORadj = 2.06, 95%CI: 1.34-3.56) ทักษะการตัดสินใจ (ORadj.= 1.69, 95%CI: 1.20-2.87) และทักษะการนำไปใช้ (ORadj.= 2.48, 95%CI: 1.66-3.94) ดังนั้นหน่วยงานสาธารณสุขที่เกี่ยวข้องควรให้ความสำคัญในการส่งเสริมความรอบรู้ด้านสุขภาพ โดยเฉพาะทักษะการเข้าถึง ทักษะการตัดสินใจและทักษะการนำไปใช้ร่วมกับการเว้นระยะห่าง และลดการสัมผัสพื้นที่เสี่ยงเพื่อเป็นการป้องกันโรคและลดอัตราป่วยและเสียชีวิตต่อไป",https://he02.tci-thaijo.org/index.php/HSJT/article/download/256302/177011,https://doi.org/10.55164/hsjt.v4i4.256302,2022-09-27
An exploitable Achilles heel of MITF?,,https://www.nature.com/articles/s41422-022-00762-3.pdf,https://doi.org/10.1038/s41422-022-00762-3,2022-12-23
แนวทางและการประยกตใชตวชวดแสงธรรมชาตสำหรบอาคารในประเทศไทย,จากข้อจำกัดของการประเมินแสงธรรมชาติโดยใช้ค่าตัวประกอบแสงธรรมชาติซึ่งเป็นวิธีแบบอพลวัต จึงได้มีการนำเสนอวิธีการใช้ตัวชี้วัดสมรรถนะด้านแสงธรรมชาติแบบรายปีตามสภาพภูมิอากาศซึ่งเป็นแบบพลวัต เช่น ค่า sDA UDI ASE ซึ่งได้มีการนำวิธีการนี้ไปใช้อย่างแพร่หลายเพื่อคาดการณ์แสงธรรมชาติที่สัมพันธ์กับข้อมูลอากาศของแต่ละที่ตั้ง จากเงื่อนไขดังกล่าว เกณฑ์ในการประเมินอาคารควรจะมีลักษณะเฉพาะในแต่ละที่ตั้ง บทความวิจัยนี้จึงมีวัตถุประสงค์ในการศึกษาถึงประสิทธิภาพของการใช้ตัวชี้วัดแสงธรรมชาติสำหรับการใช้กับอาคารในบริบทของประเทศไทย ขอบเขตของการศึกษานี้ประกอบไปด้วยตัวแปรในของห้องมีช่องเปิดด้านเดียว ขนาดห้องที่ทำการศึกษา อัตราส่วนพื้นที่ช่องเปิดต่อพื้นที่ผนังทึบ ทิศทางที่ทำการประเมิน และข้อมูลอากาศของกรุงเทพฯ งานวิจัยนี้เป็นงานวิจัยเชิงทดลอง สร้างหุ่นจำลองโดยใช้โปรแกม Rhinoceros 5 และประเมินแสงธรรมชาติโดยใช้โปรแกรมเสริม Grasshopper และ DIVA for Rhino v.4.1.0.8 เพื่อหาค่า DF sDA UDI-a UDI-x และ ASE ผลการศึกษาแสดงให้เห็นว่าการประเมินการใช้แสงธรรมชาติในประเทศไทยควรเปลี่ยนมาใช้วิธีพลวัต เนื่องจากสามารถนำเสนอข้อมูลที่เป็นประโยชน์และมีความหลากหลายมากกว่าแบบอพลวัต และสำหรับวิธีการประเมินแสงธรรมชาติแบบพลวัตแล้ว การใช้ค่า UDI เป็นตัวชี้วัดจะมีความสมเหตุสมผลทั้งในเชิงปริมาณและคุณภาพควบคู่กัน เมื่อเปรียบเทียบกับตัวแปรอื่น ๆ อย่างไรก็ดี ยังคงเป็นเรื่องที่สำคัญอย่างยิ่งที่ต้องอาศัยความร่วมมือจากนักวิจัยและสถาปนิกในการพัฒนาและเพิ่มประสิทธิภาพของตัวชี้วัดและเกณฑ์การประเมินให้เกิดความเหมาะสมกับการใช้งานในประเทศไทย,https://so02.tci-thaijo.org/index.php/jars/article/download/203722/164236,https://doi.org/10.56261/jars.v17i1.203722,2020-04-23
เกณฑประเมนและใหฉลากแบบบานประหยดพลงงานและเปนมตรกบสงแวดลอมโดยองการจำลองพลงงานและการประเมนวฏจกรชวต,"อาคารพักอาศัยในประเทศไทย มีประมาณ 25 ล้านหลัง มีอัตราที่เพิ่มขึ้นประมาณ 5-6 แสนหน่วยต่อปี ส่วนใหญ่เป็นบ้านเดี่ยวและมีลักษณะเดียวกันทุกภาค มีการใช้พลังงานไฟฟ้าคิดเป็นสัดส่วนเกือบ 50% ของการใช้พลังงานไฟฟ้าในภาคอาคาร และมีการปล่อยก๊าซเรือนกระจกอย่างมีนัยสำคัญ จากการใช้พลังงานและทรัพยากรในขั้นตอนการผลิตวัสดุก่อสร้าง การก่อสร้าง การใช้อาคาร และการรื้อถอนทำลายซากอาคาร เกณฑ์ประเมินและให้ฉลากแบบบ้านประหยัดพลังงานและเป็นมิตรกับสิ่งแวดล้อมเป็นหนึ่งในมาตรการที่สามารถช่วยลดผลกระทบสิ่งแวดล้อมของอาคารพักอาศัยที่จะสร้างใหม่ได้ การพัฒนาเกณฑ์ประเมินแบบอาคารพักอาศัยยั่งยืนช่วงออกแบบนี้ เริ่มด้วยการวิเคราะห์ข้อมูลจากเกณฑ์ประเมินประเภทเดียวกันทั้งในและต่างประเทศ เพื่อกำหนดหมวดหลักและคะแนนในแต่ละหมวดประเมิน รวมทั้งทำการคัดเลือกหัวข้อที่ส่งผลกระทบกับคุณภาพสิ่งแวดล้อมภายในอาคารที่ไม่สามารถประเมินเป็นตัวเลขได้ จากนั้นทำการกำหนดอาคารกรณีศึกษา และทางเลือกในการออกแบบอาคารให้ประหยัดพลังงานและเป็นมิตรต่อสิ่งแวดล้อม แล้วจึงคำนวณการใช้พลังงาน การลงทุนเพิ่มเติม ค่าใช้จ่ายตลอดวัฏจักรชีวิต (LCC) ทำการประเมินวัฏจักรชีวิต (LCA) ของแต่ละทางเลือก เพื่อเปรียบเทียบผลกระทบในทุกด้าน และทำการคัดเลือกแนวทางออกแบบที่ส่งผลดีกับการใช้พลังงานและสิ่งแวดล้อม เกณฑ์ประกอบด้วยหมวดการประเมิน 5 หมวด จำนวน 30 ข้อ เป็นข้อบังคับ 12 ข้อ คะแนนเต็ม 100 คะแนน แบ่งระดับการประเมินเป็น Certified, Silver, Gold และ Platinum การดำเนินงานเกณฑ์ประเมินและให้ฉลากแบบบ้านประหยัดพลังงานและเป็นมิตรกับสิ่งแวดล้อม จะเป็นกลไกที่สำคัญในการผลักดันให้มีการออกแบบบ้านประหยัดพลังงานและเป็นมิตรต่อสิ่งแวดล้อมโดยตลอดวัฏจักรชีวิต อันเป็นการส่งเสริมการพัฒนาอย่างยั่งยืน ตามเป้าหมายการพัฒนาอย่างยั่งยืน (Sustainable development goal: SDG) ในข้อที่ 11, 12, และ 13 และเป็นข้อมูลประกอบการพัฒนาโครงการหมู่บ้านจัดสรร อาคารพักอาศัยรวม รวมทั้งการตัดสินใจเลือกแบบบ้านของผู้บริโภคด้วยคำสำคัญ เกณฑ์ประเมินอาคารเขียว อาคารพักอาศัยยั่งยืน บ้านประหยัดพลังงานการประเมินวัฏจักรชีวิตอาคาร",https://so02.tci-thaijo.org/index.php/jars/article/download/243880/170169,https://doi.org/10.56261/jars.v19i1.243880,2021-12-14
แนวทางการพฒนารปแบบการตดตามผปวยวณโรคปอดในพนทจงหวดนนทบร,การวิจัยเชิงปฏิบัติการแบบมีส่วนร่วมนี้ มีวัตถุประสงค์เพื่อ 1) วิเคราะห์สถานการณ์การติดตามผู้ป่วยวัณโรคในจังหวัดนนทบุรี 2) พัฒนารูปแบบการติดตามผู้ป่วยวัณโรคปอดในพื้นที่จังหวัดนนทบุรี และ 3) ประเมินผล โดยใช้เทคนิคกระบวนการวางแผนแบบมีส่วนร่วม เอ ไอ ซี กลุ่มตัวอย่างเป็นเจ้าหน้าที่ของ สำนักงานสาธารณสุขจังหวัด โรงพยาบาล และ โรงพยาบาลส่งเสริมสุขภาพตำบล ที่ปฏิบัติงานด้านวัณโรคในจังหวัดนนทบุรี จำนวน 50 คน เก็บข้อมูลโดยใช้แบบสอบถาม แบบสัมภาษณ์ และชุดคำถามปลายเปิดที่ผู้วิจัยสร้างขึ้น ระหว่างเดือนพฤศจิกายน 2565 - กุมภาพันธ์ 2566 วิเคราะห์ข้อมูลเชิงปริมาณโดยใช้สถิติเชิงพรรณนา Paired t-test และวิเคราะห์ข้อมูลเชิงคุณภาพโดยใช้การวิเคราะห์เชิงเนื้อหา ผลการศึกษา พบว่า เจ้าหน้าที่ยังขาดความเข้าใจเกี่ยวกับวัณโรค และการประสานงานและติดตามผู้ป่วยที่ต่อเนื่อง รูปแบบที่พัฒนาขึ้นจากการศึกษา ได้แก่ NON TB MODEL 1) N = NTIP การใช้โปรแกรม NTIP กำกับและติดตาม 2) O = Observation Therapy การกำกับการกินยาผ่านวิดีโอ 3) N = Network การสร้างเครือข่ายกำกับติดตามและประเมินผล 4) T = Training การพัฒนาศักยภาพบุคลากร) B = Best Practice การใช้แนวปฏิบัติที่ดี การประเมินผล พบว่า เจ้าหน้าสาธารณสุขมีความรู้เกี่ยวกับแนวทางการดูแลรักษาวัณโรคเพิ่มขึ้น ผู้ป่วยได้รับการติดตามต่อเนื่องและกำกับการกินยาครบทุกมื้อ และมีอัตราสำเร็จการรักษาเพิ่มขึ้นเป็นร้อยละ 93.75 ข้อเสนอแนะ ควรมีการอบรมเจ้าหน้าที่เกี่ยวกับแนวทางการดูแลรักษาวัณโรคปีละ 1 ครั้ง และควรมีการกำกับการกินยาและติดตามผู้ป่วยวัณโรคอย่างต่อเนื่อง รวมถึงควรมีหน่วยงานอื่นๆ มามีส่วนร่วมเพื่อการป้องกันควบคุมวัณโรคอย่างมีประสิทธิภาพ,https://li02.tci-thaijo.org/index.php/STC/article/download/509/312,https://doi.org/10.57260/stc.2023.509,2023-04-10
A Rapid Screening Test for Serum Cholinesterase Activity(การตรวจหาสมรรถนะของเอนไซม โฆลนเอสเทอเรสในซรมอยางรวดเรว),"A paper colour test was used to estimate cholinesterase activity in serum. The determination was done comparing normal catfish serum and in catfish serum in the presence of methyl parathion. Normal serum changed color of the strip paper from blue to yellow rapidly, whereas methyl parathion treated serum with a low cholinesterase activity, needed either more time for the colour to change or it hardly changed at all. There was a good correlation between this method and the conventional method used in clinical laboratories, since the time required for the colour to change was related to the level of enzyme activity. The advantages of this screening method are rapid and there is no need to have a sophisticated instrument. All the chemicals and materials are easily incorporated into a small kit that can be carried easily in the field practice.(ประเมินสมรรถนะเอนไซม์โฆลีนเอสเทอเรสในซีรั่มปลาดุกโดยทดสอบดูการเปลี่ยนสีที่กระดาษชุบน้ำยาที่มีส่วนผสมของอินดิเคเตอร์และสับเสตรท ทำการทดสอบในซีรั่มปกติเปรียบเทียบกับซีรั่มที่มีเมททิลพาราไธออน ซีรั่มปกติเปลี่ยนสีกระดาษจากน้ำเงินไปเป็น เหลืองอย่างรวดเร็ว ในขณะที่ซีรั่มที่มีสมรรถนะของเอนไซม์ต่ำเนื่องจากสารเคมีกำจัดแมลงเมททิลพาราไธออนใช้เวลาในการเปลี่ยนสีนานกว่าหรือแทบไม่เปลี่ยนเลย วิธีการนี้มีความ สัมพันธ์กับวิธีการตรวจที่นิยมใช้กันในห้องปฏิบัติการทางเคมี โดยที่เวลาที่ใช้ในการเปลี่ยนสีกระดาษชุบน้ำยาขึ้นอยู่กับสมรรถนะของเอนไซม์ ข้อดีของวิธีการนี้คือ ทำได้ง่าย รวดเร็วและไม่ต้องใช้เครื่องมือที่ยุ่งยาก สามารถเก็บสารเคมีและอุปกรณ์ทุกชิ้นลงในภาชนะที่ง่ายต่อการพกพาไปปฏิบัติการทางภาคสนาม )",https://digital.car.chula.ac.th/cgi/viewcontent.cgi?article=1685&context=tjvm,https://doi.org/10.56808/2985-1130.1685,1996-06-01
การทดสอบสมรรถนะอปกรณปองกนทางเดนหายใจจายอากาศบรสทธแบบหมวกคลมศรษะทพฒนาขนภายในประเทศสำหรบใชในสถานการณการแพรระบาดโคโรนาไวรส 2019 ในประเทศไทย,"วิกฤตการณ์แพร่ระบาดโคโรน่าไวรัส 2019 (COVID-19) ในประเทศไทย เมื่อต้นปี 2563 ทำให้เห็นว่าชุดป้องกันส่วนบุคคล (Personal Protective Equipment, PPE) มีความสำคัญมากกับบุคลากรทางการแพทย์ โดยเฉพาะอุปกรณ์ป้องกันทางเดินหายใจจ่ายอากาศบริสุทธิ์ หรือ PAPR ซึ่งเป็นอุปกรณ์ที่บุคลากรทางการแพทย์ใช้ป้องกันการติดเชื้อจากผู้ป่วยได้อย่างมีประสิทธิภาพ และในสถานการณ์ที่ไม่สามารถจัดหาอุปกรณ์ PAPR ได้เพียงพอต่อความต้องการ ได้มีหลายหน่วยงานพัฒนา PAPR เป็นการเร่งด่วน เพื่อให้บุคลากรทางการแพทย์มีความเชื่อมั่นสูงสุดในความปลอดภัยของอุปกรณ์ กรมวิทยาศาสตร์บริการ จึงจัดทำข้อกำหนดคุณลักษณะ/มาตรฐานผลิตภัณฑ์อุตสาหกรรม และพัฒนาห้องปฏิบัติการทดสอบ โดยได้นำผลการประเมินความเสี่ยงจากบุคลากรทางการแพทย์มาใช้เป็นแนวทางในการพัฒนาการทดสอบอุปกรณ์ป้องกันทางเดินหายใจจ่ายอากาศบริสุทธิ์ 3 รายการสำคัญ ได้แก่ 1. การรั่วซึมเข้าสู่ภายใน (total inward leakage) 2. แหล่งจ่ายอากาศ (air supply) และ 3. ความต้านทานการหายใจ (breathing resistance) วัตถุประสงค์ของโครงนี้เป็นการทดสอบสมรรถนะทั้ง 3 ด้านข้างต้นของอุปกรณ์ PAPR ที่ผลิตในประเทศไทยในช่วงที่ประเทศไทยขาดแคลนอุปกรณ์ PPE ในช่วงการแพร่ระบาดโคโรน่าไวรัส 2019 ว่าเป็นตามที่เกณฑ์กำหนดหรือไม่ และเปรียบเทียบกับ PAPR ที่นำเข้าจากต่างประเทศ ผลการทดสอบพบว่าอุปกรณ์ PAPR ที่ผลิตในประเทศ มีประสิทธิภาพเทียบเท่ากับตัวอย่างอ้างอิงที่นำเข้าจากต่างประเทศ และมีความสามารถในการนำไปใช้ในการปฏิบัติงานของบุคลากรทางการแพทย์ในพื้นที่ที่มีการแพร่ระบาดของโรคติดต่อทางเดินหายใจได้เป็นอย่างดี",https://ph03.tci-thaijo.org/index.php/BAS/article/download/701/821,https://doi.org/10.60136/bas.v12.2023.701,2023-11-24
การพฒนาผลตภณฑขนมไทย : ขนมทองเอกเสรมแปงลกเดอย,"งานวิจัยนี้มีวัตถุประสงค์เพื่อศึกษาปริมาณแป้งลูกเดือยที่เหมาะในการผลิตขนมทองเอก โดยการศึกษาสูตรพื้นฐาน 3 สูตร ได้แก่สูตรที่ 1 ประกอบด้วย แป้งสาลีอเนกประสงค์ 100 กรัม แป้งเท้ายายม่อม 10 กรัม หัวกะทิ 230 กรัม น้ำตาลทรายขาว 160 กรัม ไข่ไก่เฉพาะไข่แดง 150 กรัม สีเหลืองผสมอาหาร 5 กรัม สูตรที่ 2 ประกอบด้วย แป้งสาลีอเนกประสงค์ 100 กรัม หัวกะทิ 250 กรัม น้ำตาลทรายขาว 160 กรัม ไข่ไก่เฉพาะไข่แดง 150 กรัม สูตรที่ 3 ประกอบด้วย แป้งสาลีอเนกประสงค์ 90 กรัม หัวกะทิ 220 กรัม น้ำตาลทรายขาว 170 กรัม ไข่ไก่เฉพาะไข่แดง 200 กรัม จากนั้นนำมาประเมินคุณภาพทางประสาทสัมผัส (9-point hedonics scale test) ใช้ผู้ทดสอบจำนวน 50 คน ซึ่งสูตรที่ 2 มีคะแนนเฉลี่ยการยอมรับความชอบจากผู้ทดสอบมากที่สุด คือ 7.45 หมายถึงชอบระดับมาก จึงนำมาพัฒนาเป็นผลิตภัณฑ์ขนมทองเอกเสริมแป้งลูกเดือย โดยมีปริมาณแป้งลูกเดือย 5 ระดับ คือ ร้อยละ 20 (20 กรัม), ร้อยละ 40 (40 กรัม), ร้อยละ 60 (60 กรัม), ร้อยละ 80 (80 กรัม) และ ร้อยละ 100 (100 กรัม) ตามลำดับ เมื่อนำมาประเมินคุณภาพทางประสาทสัมผัสมีความแตกต่างกันอย่างมีนัยสำคัญทางสถิติที่ระดับความเชื่อมั่นร้อยละ 95 (p &lt; 0.05) ผู้ทดสอบให้การยอมรับปริมาณแป้งลูกเดือยร้อยละ 80 มากที่สุด มีคะแนนเฉลี่ยความชอบอยู่ในช่วงชอบมาก จากนั้นนำมาวิเคราะห์คุณภาพทางกายภาพ พบว่า ค่าสี L* (ค่าความสว่าง), a* (ค่าสีแดง) และ b* (ค่าสีเหลือง) เท่ากับ 46.39, 13.81 และ 37.29 ตามลำดับ",https://li02.tci-thaijo.org/index.php/JHET/article/download/624/442,https://doi.org/10.60101/jhet.2023.624,2023-12-27
ผลของโปรแกรมสงเสรมการรบรความเชอดานสขภาพผานการพยาบาลทางไกลตอพฤตกรรมการปองกนโรคหลอดเลอดสมองในผปวยโรคความดนโลหตสงทควบคมความดนโลหตไมได,"บทนำ โรคความดันโลหิตสูงเป็นสาเหตุที่สำคัญของโรคหลอดเลือดสมอง การส่งเสริมความเชื่อ ด้านสุขภาพผ่านการพยาบาลทางไกลเป็นวิธีการหนึ่งที่จะช่วยให้ผู้ป่วยโรคความดันโลหิตสูงที่ควบคุม ความดันโลหิตไม่ได้ มีพฤติกรรมการป้องกันการเกิดโรคหลอดเลือดสมองที่เหมาะสม วัตถุประสงค์การวิจัย เพื่อศึกษาผลของโปรแกรมส่งเสริมการรับรู้ความเชื่อด้านสุขภาพผ่าน การพยาบาลทางไกลต่อพฤติกรรมการป้องกันโรคหลอดเลือดสมองในผู้ป่วยโรคความดันโลหิตสูงที่ควบคุม ความดันโลหิตไม่ได้ การออกแบบวิจัย การวิจัยเชิงทดลองแบบสองกลุ่ม วัดผลก่อนและหลังทดลอง ประยุกต์ใช้ แบบแผนความเชื่อด้านสุขภาพเป็นกรอบแนวคิดของการศึกษา วิธีดำเนินการวิจัย กลุ่มตัวอย่างเป็นผู้ป่วยโรคความดันโลหิตสูง 30 คนที่ควบคุมความดันโลหิต ไม่ได้ในคลินิกโรคความดันโลหิตสูง โรงพยาบาลชุมชนแห่งหนึ่งของจังหวัดทางภาคตะวันออกเฉียงเหนือ สุ่มตัวอย่างแบบง่ายแล้วจัดเข้ากลุ่มโดยการสุ่ม แบ่งเป็นกลุ่มทดลองและกลุ่มควบคุมกลุ่มละ 15 คน กลุ่มทดลองได้รับโปรแกรมส่งเสริมการรับรู้ความเชื่อด้านสุขภาพผ่านการพยาบาลทางไกล และกลุ่มควบคุม ได้รับการพยาบาลตามปกติ เครื่องมือที่ใช้ในการเก็บรวบรวมข้อมูล ได้แก่ แบบสอบถามพฤติกรรม การป้องกันโรคหลอดเลือดสมอง มีค่าความเชื่อมั่นเท่ากับ .83 วิเคราะห์ข้อมูลด้วยสถิติพรรณนา การทดสอบทีอิสระ และการทดสอบทีคู่ ผลการวิจัย ภายหลังการทดลอง กลุ่มทดลองมีคะแนนเฉลี่ยพฤติกรรมการป้องกันโรคหลอดเลือดสมอง (M = 3.51, SD = 0.54) สูงกว่ากลุ่มควบคุม (M = 2.46, SD = 0.54) อย่างมีนัยสำคัญทางสถิติ (t = 7.937, p &lt;. 001) และสูงกว่าก่อนการทดลอง อย่างมีนัยสำคัญทางสถิติ (M = 2.67, SD = 0.26, t = 5.005, p &lt;. 001) เมื่อพิจารณารายด้าน พบว่า กลุ่มทดลองมีคะแนนเฉลี่ยด้านการรับประทานอาหาร (M = 3.17, SD = 0.86) ด้านการจัดการความเครียด (M = 3.52, SD = 1.08) ด้านการใช้สารเสพติดหรือสิ่งกระตุ้น ต่าง ๆ (M = 4.03, SD = 0.92) และด้านการรับประทานยาลดความดันโลหิต (M = 4.53, SD = 0.47) สูงกว่า กลุ่มควบคุมอย่างมีนัยสาคัญทางสถิติ ( ํ p &lt; .05) อย่างไรก็ตามด้านการออกกำลังกายระหว่างกลุ่มควบคุม (M = 1.37, SD = 1.01) และกลุ่มทดลอง (M = 1.90, SD = 1.25) ไม่แตกต่างกัน (Z = -1.383, p &gt;.05) ข้อเสนอแนะ ทีมสุขภาพควรนำโปรแกรมส่งเสริมการรับรู้ความเชื่อด้านสุขภาพผ่านการพยาบาล ทางไกลไปประยุกต์ใช้ในคลินิกความดันโลหิตสูงเพื่อการส่งเสริมการรับรู้ความเชื่อด้านสุขภาพของผู้ป่วย โรคความดันโลหิตสูงและติดตามพฤติกรรมการป้องกันโรคหลอดเลือดสมองอย่างต่อเนื่อง",https://he02.tci-thaijo.org/index.php/TJONC/article/download/266286/181786,https://doi.org/10.60099/jtnmc.v38i04.266286,2023-12-19
การพยาบาลผปวยเดกโรคหวใจแตกำเนดทมภาวะหวใจเตนเรวผดจงหวะทเกดในหวใจหองบน,"ภาวะหัวใจเต้นเร็วผิดจังหวะที่เกิดในหัวใจห้องบน (Supraventricular Tachycardia, SVT) เป็นภาวะฉุกเฉิน ที่พบได้บ่อยที่สุดในผู้ป่วยเด็กโรคหัวใจแต่กำเนิด มักเกิดขึ้นอย่างทันทีทันใด ทำให้การสูบฉีดเลือดไปเลี้ยงส่วนต่าง ๆ ของร่างกายไม่เพียงพออย่างรวดเร็วและอาจเกิดภาวะหัวใจหยุดเต้นได้โดยเฉพาะผู้ป่วยเด็กโรคหัวใจแต่กำเนิดที่มีปัญหาการทำงานของหัวใจอยู่แล้ว วัตถุประสงค์ของบทความนี้เพื่อทบทวนสาระสำคัญที่เกี่ยวข้อง กับภาวะหัวใจเต้นเร็วผิดจังหวะที่เกิดในหัวใจห้องบนในผู้ป่วยเด็กโรคหัวใจแต่กำเนิดและแนวทางการพยาบาล ครอบคลุมเนื้อหากลไกการเกิด อาการและอาการแสดง การวินิจฉัย แนวทางการรักษาในระยะวิกฤต และบทบาทของพยาบาลในการดูแลผู้ป่วยในแต่ละแนวทางการรักษาในขณะที่เกิดอาการ รวมถึงคำแนะนำเพื่อการป้องกัน การกลับเป็นซ้ำ ภาวะหัวใจเต้นเร็วผิดจังหวะที่เกิดในหัวใจห้องบน เกิดจากการลัดวงจรหรือวิ่งวนซ้ำของการส่งสัญญาณไฟฟ้าในหัวใจ มีกลไก คือการเกิดช่องทางพิเศษทำให้เกิดการไหลวนของสัญญาณไฟฟ้าในหัวใจ การแบ่งทางเดินสัญญาณไฟฟ้าเป็นสองทาง และการมีเซลล์พิเศษในหัวใจห้องบนที่สามารถสร้างสัญญาณไฟฟ้าได้เองและเร็วกว่าตัวเริ่มต้นของการส่งกระแสไฟฟ้า ทำให้เกิดการบีบตัวของหัวใจมากกว่าปกติ การประเมินคลื่นไฟฟ้าหัวใจแสดงให้เห็นอัตราการเต้นของหัวใจที่เร็วผิดปกติและมีจังหวะสม่ำเสมอร่วมกับความผิดปกติของคลื่นไฟฟ้าหัวใจ QRS complex และ P wave พยาบาลเด็กจะต้องสามารถประเมินอาการและอาการแสดงของ SVT และอ่านผลคลื่นไฟฟ้าหัวใจที่บ่งชี้ภาวะ SVT ได้อย่างถูกต้องและรวดเร็ว การรักษามีความเฉพาะเจาะจง เช่น การกระตุ้นระบบประสาทอัตโนมัติพาราซิมพาเทติกซ์ โดยการเพิ่มความดันในช่องอกและช่องท้อง การประคบเย็นบริเวณใบหน้า การนวดหลอดเลือดแดงคาโรติด และการกระตุ้นรีเฟล็กซ์การขย้อน และการให้ยาด้วยเทคนิคการใช้หลอดฉีดยาคู่ในการเตรียมและการบริหารยา การปรับจังหวะการเต้นของหัวใจด้วยไฟฟ้า ทำในกรณีที่ระบบไหลเวียนโลหิตไม่คงที่ การตรวจติดตามการไหลเวียนโลหิตอย่างใกล้ชิดและการประเมิน ภาวะแทรกซ้อนที่เป็นไปได้ก่อน ระหว่างและหลังการรักษาถือเป็นสิ่งสำคัญ การดูแลโดยครอบครัวเป็นศูนย์กลางในทุกกระบวนการของการรักษาและการดูแล เพื่อป้องกันการกลับเป็นซ้ำ พยาบาลเด็กต้องมีทักษะทางคลินิกขั้นสูงที่ต้องหมั่นฝึกฝนให้พร้อมเสมอเพื่อประเมินและจัดการอาการฉุกเฉินได้อย่างรวดเร็ว แผนการรักษามีหลายวิธีและอาจใช้ร่วมกันต้องอาศัยการเตรียมพร้อมให้ครบถ้วนและมีประสิทธิภาพ รวมถึงทักษะการช่วยชีวิต การดูแล โดยใช้ครอบครัวเป็นศูนย์กลางเป็นกุญแจสำคัญในการดูแลผู้ป่วย รวมทั้งการให้คำแนะนำเพื่อให้สามารถดูแลตัวเองที่บ้าน การลดปัจจัยเสี่ยง การประเมินอาการเบื้องต้นและไปโรงพยาบาลได้ทันท่วงที",https://he02.tci-thaijo.org/index.php/TJONC/article/download/264125/181013,https://doi.org/10.60099/jtnmc.v38i03.264125,2023-09-15
The Effect of Enhancing Family Cargiving Abilty Program on Autistic Symptoms among Autistic Preschoolers(ผลของโปรแกรมเสรมสรางความสามารถในการดแลของครอบครว ตออาการออทสตกของเดกออทสตกวยกอนเรยน),,https://digital.car.chula.ac.th/cgi/viewcontent.cgi?article=1203&context=cuns,https://doi.org/10.58837/chula.cuns.31.3.7,2019-09-01
Strategies for Developing Private School Administrators based on the Concept of Digital Citizenship(กลยทธการพฒนาผบรหารโรงเรยนเอกชนตามแนวคดความเปนพลเมองดจทล),,https://digital.car.chula.ac.th/cgi/viewcontent.cgi?article=3843&context=educujournal,https://doi.org/10.58837/chula.educu.48.2.9,2020-04-01
แนวทางการสอนทฤษฎดนตรไทยสำหรบนกเรยนระดบมธยมศกษาตอนตน (Approaches to Teaching Thai Music Theories to Lower Secondary Students),,https://digital.car.chula.ac.th/cgi/viewcontent.cgi?article=3962&context=educujournal,https://doi.org/10.58837/chula.educu.49.2.16,2021-04-01
เทคโนโลยปญญาประดษฐ AI กบการแบงกลมขอมลผลสมฤทธทางการเรยนของนกเรยนชนประถมศกษาปท 5 โดยใชวธการเรยนรการแบงกลมขอมลชนด K-mean (Artificial Intelligence (AI) Technology and the Categorization of Fifth Grade Students’ Academic Achievements Using K-means Clustering Learning Algorithm),,https://digital.car.chula.ac.th/cgi/viewcontent.cgi?article=3961&context=educujournal,https://doi.org/10.58837/chula.educu.49.2.15,2021-04-01
กลยทธการบรหารวชาการตามแนวคดความเปนพลเมองดจทล ของสถานศกษาสงกดสำนกงานเขตพนทการศกษาประถมศกษาในจงหวดนครราชสมา (Strategies for the Academic Administration According to the Digital Citizenship Concept of Educational Institutions under the Nakhon Ratchasima Primary Educational Service Area Office),,https://digital.car.chula.ac.th/cgi/viewcontent.cgi?article=4052&context=educujournal,https://doi.org/10.58837/chula.educu.51.1.5,2023-01-01
University Library Management Strategies to Enhance Lifelong Learning Skills of Students(กลยทธการบรหารหองสมดมหาวทยาลยเพอเสรมสรางทกษะการเรยนรตลอดชวตของนสตนกศกษา),,https://digital.car.chula.ac.th/cgi/viewcontent.cgi?article=3849&context=educujournal,https://doi.org/10.58837/chula.educu.48.2.15,2020-04-01
Proposed School Management Strategies to Strengthen the Consciousness and Practices of Students to Reduce Global Warming(การนำเสนอกลยทธการบรหารโรงเรยนเพอเสรมสรางจตสำนกและการปฏบตของนกเรยนในการลดภาวะโลกรอน),,https://digital.car.chula.ac.th/cgi/viewcontent.cgi?article=3874&context=educujournal,https://doi.org/10.58837/chula.educu.48.3.20,2020-07-01
Cultural Studies in German as a Foreign Language in Thailand: Learning and Teaching about the Cultures of German Speaking Countries in the Context of Thai Higher Education(วฒนธรรมศกษาในสาขาภาษาเยอรมนในฐานะภาษาตางประเทศในประเทศไทย: การเรยนการสอนเกยวกบวฒนธรรมของกลมประเทศ ทใชภาษาเยอรมนเปนภาษาราชการในบรบทอดมศกษาไทย),,https://digital.car.chula.ac.th/cgi/viewcontent.cgi?article=1091&context=jletters,https://doi.org/10.58837/chula.jletters.49.1.6,2020-01-01
The Disintegration Behaviors of Insoluble Tablets Containing Different Disintegrants.(พฤตกรรมการแตกตวของยาเมดไมละลายนำทประกอบดวยสารชว...,"Dibasiccalcium phosphate dihydrate with different types and varying percentages of disintegrants were directly compressed into tablets.The mechanisms of action from moisture sorption and water penetration were investigated to elucidate the disintegration behaviors of tablets.The amount o f moisture adsorbed and the density change of tablets increased with the amount of disintegrant.On the contrary, the hardness decreased except of those containing microcrystalline cellulose.The initial water penetration rate was the highest except those from tablets containing sodium starch glycolate.An obstacle in water penetration occured in tablets containing high amount of disintegrants except corn starch.An optimum percentage of each disintegrant produced the lowest disintegration time.Of the four disintegrants investigated, cross-linked polyvinylpyrrolidone provided the fastest disintegration.The disintegration behaviors were discussed and related to the initial or highest rate of watere penetration from tablets containing disintegrants excent microcrystalline cullulose.(",https://digital.car.chula.ac.th/cgi/viewcontent.cgi?article=1373&context=tjps,https://doi.org/10.56808/3027-7922.1373,1988-01-01
Antimicrobial Activity of p-Aminobenzoic Acid and Its Application as a Preservative in Pharmaceutical Products(ฤทธการตานจลชพของพารา- อะมโนเบนโซอคแอซดและ...,"Antimicrobial Activity of p-Aminobenzoic Acid and Its Application as a Preservative in Pharmaceutical Products p-Aminobenzoic acid (PABA) showed inhibitory effect upon Staphylococcus aureus NCTC 10788, Pseudom onas aeruginosa NCTC 6750, Escherichia coli NCTC 8110 and C andida albicans NCPF 3179.Its antimicrobial activity was affected by different solvent system and pH.The better activity was observed when PABA was dissolved in alcohol and lowering of pH increased its inhibitory effect.Also, in the presence of sodium metabisulfite, the activity of the compound increased.After 3 months of storage at room temperature, PABA solution still maintained its inhibitory effect upon the test microbial strains.When this agent, at 0.5%, was added in morphine mixture and frusemide suspension, it was able to inactivate the aforementioned microorganisms within 6 hours after inoculating those microbial strains into the products.(Th.",https://digital.car.chula.ac.th/cgi/viewcontent.cgi?article=1313&context=tjps,https://doi.org/10.56808/3027-7922.1313,1990-01-01
THE EFFECT OF GAMBOGIC ACID ON GASTROINTESTINAL SMOOTH MUSCLE(ฤทธทางเภสชวทยาของแกมโบจกแอซดจากรงทองตอกลามเนอเรยบหางเ...,"Gambogic acid is a pure compound isolated from gamboge (Rongthong), a gum-resin extruded from Garcinia hanburyi Hookf. The pharmacological effects of this compound have been investigated in isolated rabbit, rat and mice organ preparations and conscious mice. The results showed that gambogic acid at the concentration of 1.3x10'^ M -3.9x10'^ M increased spontaneous contraction whereas concentration of 5.2x1 O'5 M diminished the spontaneous contraction of isolated rabbit jejunum. Gambogic acid at the concentration of 6.5x1 O'6 M -1.3x1 O'5 M increasedforce and tone of isolated rat ileum contraction and the concentration of 6.5x10'6 M -3 .2 5 x 1 0 M increased isolated whole mice stomach contraction. Atropine, verapamil and chlorpheniramine significantly reduced the contraction of rabbit jejunum, rat ileum and mice stomach induced by gambogic acid respectively, Gavage feeding of 50 mg/kg of gambogic acid to the conscious mice significantly increased the charcoal movement from the stomach to small intestine. These results should be concluded that gambogic acid displays spasmodic activity at the low concentration which is mediatedvia non-specific receptors.",https://digital.car.chula.ac.th/cgi/viewcontent.cgi?article=1281&context=tjps,https://doi.org/10.56808/3027-7922.1281,1992-01-01
พฤตกรรมการใชสมนไพรในการดแลภาวะ Long COVID ของประชาชนในตำบลอางศลา อำเภอเมอง จงหวดชลบร,ภูมิหลังและวัตถุประสงค์: สมุนไพร ถือเป็นทางเลือกในการรักษาและป้องกันโรคทั้งในรูปแบบของยาและผลิตภัณฑ์อาหารเสริมที่เป็นกระแสนิยมของคนทั่วไปในปัจจุบัน ประโยชน์ของการใช้สมุนไพรในการรักษาโรค โดยองค์ความรู้เหล่านี้ได้มีการถ่ายทอดมาจากบรรพบุรุษสู่ลูกหลาน การวิจัยครั้งนี้ มีวัตถุประสงค์เพื่อศึกษาสภาพปัญหาผู้ที่มีการใช้สมุนไพรในการดูแลภาวะ Long COVID หลังจากการติดเชื้อไวรัสโคโรน่า 2019 ของประชาชนในตำบลอ่างศิลา และได้ศึกษาพฤติกรรมผู้ที่มีการใช้สมุนไพรใน การดูแลภาวะ Long COVID จำนวนทั้งสิ้น 20 ระเบียบวิธีการวิจัย: ใช้ระเบียบวิธีวิจัยเชิงคุณภาพเก็บรวบรวมข้อมูลโดยใช้แบบสัมภาษณ์ชนิดมีโครงสร้าง แบบชนิดไม่มีโครงสร้างและแบบสังเกตที่นักวิจัยสร้างขึ้น วิเคราะห์ข้อมูลโดยใช้การพรรณนาวิเคราะห์ ผลการวิจัย: พบว่า พฤติกรรมการใช้ของกลุ่มตัวอย่างมีความรู้เรื่องการใช้สมุนไพรในการบรรเทาอาการภาวะ Long COVID เบื้องต้นและทราบวิธีการใช้ที่ถูกต้องเนื่องจากมีความรู้และศึกษาข้อมูลผ่านสื่อออนไลน์ ทำให้สมุนไพรมีบทบาทการดูแลสุขภาพเบื้องต้นของประชาชนตำบลอ่างศิลา โดยเฉพาะช่วงสถานการณ์การระบาดของเชื้อไวรัสโคโรน่า 2019 ซึ่งสามารถหาซื้อได้ง่ายและมีราคาถูก สภาพปัญหาการใช้สมุนไพร พบว่า มีแนวโน้มการให้ข้อมูลที่ไม่ถูกต้อง ทำให้มีการใช้สมุนไพรอย่างเป็นประจำ เนื่องจากมีความคิดว่าสมุนไพรนั้นดีมากจากการศึกษาข้อมูลผ่านสื่อออนไลน์ สรุปผล: พฤติกรรมการใช้สมุนไพรในการดูแลภาวะ Long COVID พบว่า กลุ่มตัวอย่างมีความรู้เกี่ยวกับการใช้สมุนไพรเบื้องต้น แต่มีพฤติกรรมการใช้ที่ไม่ถูกต้อง และมีสภาพปัญหาในการรับรู้ข่าวสารและการศึกษาข้อมูลที่ไม่ครบถ้วนทุกมิติ,https://so03.tci-thaijo.org/index.php/IARJ/article/download/276316/183586,https://doi.org/10.60027/iarj.2024.276316,2024-06-07
การพฒนาทกษะการคดเชงบรหาร (EF) ของเดกปฐมวยโดยใชกจกรรมเสรมประสบการณ สอสรางสรรคจากวสดภมปญญาทองถน,ภูมิหลังและวัตถุประสงค์: การส่งเสริมรากฐานของการพัฒนาทักษะการคิดเชิงบริหาร (EF) กับเด็กปฐมวัยให้เกิดการพัฒนาศักยภาพในการเจริญเติบโตและเรียนรู้อย่างเหมาะสม โดยมีการซึมซับภูมิปัญญาท้องถิ่นซึ่งเป็นองค์ความรู้ที่เกิดจากการสั่งสมประสบการณ์ที่มีคุณค่าทางวัฒนธรรมให้สืบทอดต่อไป การวิจัยมีวัตถุประสงค์ เพื่อพัฒนาทักษะการคิดเชิงบริหาร (EF) ของเด็กปฐมวัยโดยใช้กิจกรรมเสริมประสบการณ์สื่อสร้างสรรค์จากวัสดุภูมิปัญญาท้องถิ่น ระเบียบวิธีการวิจัย: ผู้วิจัยได้ใช้แบบแผนการวิจัย One - Group Pretest -Posttest Design กลุ่มตัวอย่างการวิจัย คือ เด็กปฐมวัยโรงเรียนเทศบาล 1 (วิทยานารี) อำเภอเมือง จังหวัดชัยภูมิ ระดับชั้นอนุบาลปีที่ 2 ภาคเรียนที่ 1 ปีการศึกษา 2566 จำนวน 20 คน ใช้วิธีการสุ่มอย่างง่าย (Simple Random Sampling) เครื่องมือการวิจัย ได้แก่ แผนการจัดกิจกรรมเสริมประสบการณ์สื่อสร้างสรรค์จากวัสดุภูมิปัญญาท้องถิ่น และแบบสังเกตทักษะการคิดเชิงบริหาร (EF) ของเด็กปฐมวัย วิเคราะห์คุณภาพเครื่องมือโดยค่าดัชนีความสอดคล้องระหว่างลักษณะพฤติกรรมกับจุดประสงค์ จากผู้เชี่ยวชาญจำนวน 3 คน ซึ่งได้ค่าดัชนีความสอดคล้อง (IOC) 0.96 และวิเคราะห์ข้อมูลโดยค่าเฉลี่ย ส่วนเบี่ยงเบนมาตรฐาน และค่า t-test dependent ผลการวิจัย: กลุ่มทักษะพื้นฐานก่อน/หลังจัดกิจกรรมเสริมประสบการณ์ ระดับปานกลาง/ระดับมากที่สุด กลุ่มทักษะกำกับตัวเองก่อน/หลังจัดกิจกรรมเสริมประสบการณ์ ระดับปานกลาง/ระดับมากที่สุด กลุ่มทักษะปฏิบัติก่อน/หลังจัดกิจกรรมเสริมประสบการณ์ ระดับปานกลาง/ระดับมากที่สุด หลังการจัดกิจกรรมเสริมประสบการณ์ เด็กปฐมวัยมีทักษะการคิดเชิงบริหาร (EF) สูงขึ้นอย่างมีนัยสำคัญทางสถิติที่ระดับ .05 สรุปผล: เด็กปฐมวัยที่ได้รับการกิจกรรมเสริมประสบการณ์สื่อสร้างสรรค์จากวัสดุภูมิปัญญาท้องถิ่นมีทักษะการคิดเชิงบริหาร (EF) ที่สูงขึ้น,https://so03.tci-thaijo.org/index.php/IARJ/article/download/276823/184386,https://doi.org/10.60027/iarj.2024.276823,2024-07-22
บพปจจยทมอทธพลตอการดำเนนงานของธรกจใหบรการโลจสตกสในประเทศไทย,"การวิจัยนี้มีวัตถุประสงค์เพื่อ 1) ศึกษาระดับนวัตกรรมขององค์กร ความผูกพันต่อองค์กร การจัดการ โลจิสติกส์สีเขียว คุณค่าแบรนด์ขององค์กรและผลการดำเนินงานขององค์กร 2) ศึกษาความสัมพันธ์เชิงสาเหตุของนวัตกรรมขององค์กร ความผูกพันต่อองค์กร การจัดการโลจิสติกส์สีเขียว และคุณค่าแบรนด์ขององค์กรที่มีอิทธิพลต่อผลการดำเนินงาน และ 3) ตรวจสอบความสอดคล้องของตัวแปร ความสัมพันธ์เชิงสาเหตุของบุพปัจจัยที่มีอิทธิพลต่อผลการดำเนินงานของธุรกิจให้บริการโลจิสติกส์ในประเทศไทยกับข้อมูลเชิงประจักษ์ กลุ่มตัวอย่างคือ ผู้บริหารระดับต้นขึ้นไปของธุรกิจให้บริการโลจิสติกส์ จำนวน 303 ราย/บริษัท เครื่องมือที่ใช้ในการวิจัยเป็นแบบสอบถาม วิเคราะห์ข้อมูลโดยใช้โมเดลสมการโครงสร้าง ผลการศึกษาพบว่า ค่าเฉลี่ยความคิดเห็นบุพปัจจัยที่มีอิทธิพลต่อผลการดำเนินงานของธุรกิจให้บริการโลจิสติกส์อยู่ในระดับมากที่สุดและระดับมาก โมเดลจำลองสมการเชิงโครงสร้างมีความเหมาะสมกลมกลืนกับข้อมูลเชิงประจักษ์อยู่ในเกณฑ์ดี โดยพิจารณาจากค่าดัชนี ความสอดคล้องทางสถิติ c2/df =1.307, p =0.075, CFI =0.995, TLI =0.990, GFI =0.973, RMSEA =0.032, RMR =0.014 และมีความสอดคล้องกับสมมติฐานที่กำหนดไว้ นวัตกรรมขององค์กร และคุณค่าแบรนด์ขององค์กรมีอิทธิพลทางตรงต่อผลการดำเนินงานขององค์กรอย่างมีระดับนัยสำคัญทางสถิติที่ 0.001 การจัดการโลจิสติกส์ สีเขียว และความผูกพันต่อองค์กร มีอิทธิพลทางตรงต่อผลการดำเนินงานอย่างมีระดับนัยสำคัญทางสถิติที่ 0.01 นอกจากนี้นวัตกรรมขององค์กร ความผูกพันต่อองค์กร และการจัดการโลจิสติกส์สีเขียว มีอิทธิพลทางอ้อมต่อ ผลการดำเนินงานผ่านคุณค่าแบรนด์ขององค์กรอย่างมีระดับนัยสำคัญทางสถิติที่ 0.001 คำสำคัญ : นวัตกรรมขององค์กร, ความผูกพันต่อองค์กร, การจัดการโลจิสติกส์สีเขียว, คุณค่าแบรนด์ขององค์กร, ผลการดำเนินงานขององค์กร",https://so03.tci-thaijo.org/index.php/Logis_j/article/download/267259/184685,https://doi.org/10.53848/jlsco.v10i2.267259,2024-08-24
ครบานนอก: ความหมายจากวาทกรรมการพฒนากระแสหลกตอการตตราตวเอง ของครในทองถนชนบท,วัตถุประสงค์: “ครูบ้านนอก” เป็นผลจากวาทกรรมการพัฒนากระแสหลักที่ทำให้ครูบ้านนอกเกิดการตีตราตัวเอง ซึ่งวาทกรรมการพัฒนากระแสหลักที่มุ่งสู่ความทันสมัยจึงทำให้เกิดภาคปฏิบัติทางวาทกรรมต่อครูที่ปฏิบัติหน้าที่สอนอยู่ในท้องถิ่นชนบท ซึ่งตีตราตัวเองว่าแปลกแยกจากสังคมในลักษณะเป็นอื่น การวิจัยนี้มีวัตถุประสงค์เพื่อศึกษาความหมาย “ครูบ้านนอก” จากการตีตราตัวเองของครูในท้องถิ่นชนบทที่เป็นผลผลิตจากวาทกรรมการพัฒนากระแสหลัก วิธีการศึกษา: การวิจัยนี้เป็นงานวิจัยเชิงคุณภาพในกระบวนทัศน์เชิงวิพากษ์ ภายใต้แนวคิดของมิเชล ฟูโกต์ (Michel Foucault) เรื่องความรู้อำนาจ ความรู้ และภาคปฏิบัติทางวาทกรรม โดยใช้วิธีวิจัยชาติพันธุ์วรรณนาเชิงวิพากษ์ เพื่อสะท้อนให้เห็นภาพของความจริงที่เกิดขึ้นในปรากฏการณ์ดังกล่าว ผู้วิจัยคัดเลือกผู้ให้ข้อมูลด้วยการเลือกแบบเจาะจงตามเกณฑ์ที่กำหนด จำนวน 10 คน ซึ่งเป็นครูที่รู้สึกและมีประสบการณ์การถูกตีตราว่าเป็นครูบ้านนอกและปฏิบัติหน้าที่สอนในโรงเรียนท้องถิ่นชนบท รวบรวมข้อมูลด้วยการสัมภาษณ์เชิงลึก จากแบบสัมภาษณ์แบบกึ่งโครงสร้าง วิเคราะห์ข้อมูลด้วยการวิเคราะห์แก่นสาระ ตรวจข้อมูลด้วยเทคนิคสามเส้า ผลการศึกษา: “ครูบ้านนอก” ได้ให้ความหมายของการตีตราตัวเองไว้ 5 ความหมาย ดังนี้ 1. ครูที่อยู่ห่างไกลจากตัวเมืองที่เจริญ 2. ครูที่ต้องทำงานชุมชนมากกว่างานโรงเรียน 3. ครูที่ไม่กล้าคิดนอกกรอบจากหลักสูตรแกนกลาง 4. ครูที่ขาดสื่อและเทคโนโลยีที่ทันสมัย และ 5. ครูที่ต้องเจอความไม่พร้อมด้านการเรียนของนักเรียน จากความหมายที่เกิดขึ้นนี้เป็นผลมาจากวาทกรรมการพัฒนากระแสหลักคือ การทำทันสมัย โลกาภิวัตน์ และการรวมศูนย์อำนาจ ทำให้เกิดการตีตราตัวเองของครูที่ปฏิบัติหน้าที่ในท้องถิ่นชนบท การประยุกต์ใช้: ผลการวิจัยนี้อาจนำไปสู่การทบทวนและพิจารณาแนวทางในการกำหนดนโยบายของหน่วยงานที่รับผิดชอบในการพัฒนาวิชาชีพครูในทุกพื้นที่ เพื่อลดปัญหาความเหลื่อมล้ำในการทำการเรียนการสอนของครู,https://so08.tci-thaijo.org/index.php/artssu/article/download/3679/3159,https://doi.org/10.69598/artssu.2024.3679.,2024-12-27
วตถภาพแทนกบการอพยพผลดถนในงานศลปะของศลปนเอเชยตะวนออกรวมสมย,บทความนี้เป็นส่วนหนึ่งในการวิจัยเรื่อง“บทสะท้อนแห่งการอพยพย้ายถิ่นในผลงานศิลปะของศิลปินเอเชียตะวันออกร่วมสมัย” มีวัตถุประสงค์เพื่อศึกษาความหมายของวัตถุกับการอพยพในงานศิลปะของศิลปินเอเชียตะวันออกร่วมสมัยจากผลงานศิลปินเอเชียตะวันออก 9 คน ได้แก่ อ้ายเว่ยเว่ย หลิวหง อู๋เผิง คิมซูจา ซอโดโฮ ชินคยองมี อู๋อวี้เหวิน ชิโอะตะ จิฮะรุ และฮิระคิ สะวะ โดยศึกษาเปรียบเทียบจากเนื้อหาของผลงานเข้ากับทฤษฎีการอพยพของราเวนสไตน์ ผู้วิจัยจึงสามารถจำแนกความหมายของการสร้างสรรค์ผลงานศิลปะได้เป็น 3 แนวทาง คือ 1) วัตถุภาพแทนที่เกี่ยวข้องกับประวัติศาสตร์ 2) วัตถุภาพแทนที่สื่อถึงความโหยหาอดีต และ 3) วัตถุภาพแทนที่สื่อถึงการวิจารณ์สังคม จากการศึกษาพบว่าศิลปินหลายคนเลือกใช้วัตถุภาพแทนเพื่อสื่อถึงการอพยพผลัดถิ่นอย่างเดียวกัน ศิลปินหลายคนนำวัตถุภาพแทนที่เกี่ยวข้องวัฒนธรรม ประเพณีประจำชาติของตนมารวมเข้ากับวัสดุที่สร้างจากโรงงานอุตสาหกรรม ศิลปินบางคนนำวัตถุภาพแทนที่สามารถสื่อถึงความทรงจำในวัยเด็กมาใช้เชื่อมโยงเข้าประสบการณ์การอพยพผลัดถิ่น โดยวัตถุภาพแทนที่ศิลปินแต่ละคนนำมาใช้ในหนึ่งผลงานสามารถสื่อความหมายตามที่ผู้วิจัยได้จำแนกไว้ได้อย่างน้อยหนึ่งความหมาย และบางผลงานก็สามารถสื่อความหมายได้ครอบคลุมทั้งสามแบบ,https://so02.tci-thaijo.org/index.php/jfa/article/download/269986/183310,https://doi.org/10.69598/sbjfa269986,2024-12-25
การประกอบสรางภาพยนตรชายรกชายของเวยดนามระหวางป 2007-2020,ที่มาและวัตถุประสงค์: ภาพยนตร์ที่มีเนื้อหาเกี่ยวข้องกับกลุ่มที่มีความหลากหลายทางเพศในหลายประเทศทั่วโลกมักถูกห้ามหรือได้รับการวิพากษ์วิจารณ์อย่างรุนแรงเนื่องจากถูกมองว่าไม่เหมาะสม ในขณะที่ประเทศสังคมนิยมอย่างประเทศเวียดนาม ไม่มีการต่อต้านภาพยนตร์รักเพศเดียวกันแต่อย่างใดอันเป็นผลมาจากรัฐบาลเริ่มหันมาทบทวนประเด็นเกี่ยวกับสิทธิมนุษยชนของกลุ่มรักเพศเดียวกัน รวมถึงเสนอร่างกฎหมายที่มุ่งเน้นความเท่าเทียมทางเพศครั้งแรกในปี 2012 ซึ่งช่วงดังกล่าวถือเป็นจุดสำคัญในการส่งเสริมสิทธิ เสรีภาพ และภาพลักษณ์เชิงบวกของกลุ่มผู้มีความหลากหลายทางเพศในเวลาต่อมา ในบทความวิจัยนี้จึงมีวัตถุประสงค์เพื่อศึกษามุมมองทางสังคมเวียดนามต่อการประกอบสร้างภาพยนตร์ชายรักชายในเวียดนามระหว่างปี ค.ศ. 2007-2020 วิธีการศึกษา: การวิจัยนี้เป็นการวิจัยเชิงคุณภาพโดยวิเคราะห์ตัวบทภาพยนตร์ชายรักชายของเวียดนามระหว่างปี ค.ศ. 2007-2020 ที่มีตัวละครชายรักชายเป็นตัวละครหลักและต้องเป็นภาพยนตร์กระแสหลักที่เข้าฉายในโรงภาพยนตร์ จำนวน 19 เรื่อง โดยศึกษาตามกรอบแนวคิดโครงสร้างการเล่าเรื่องของภาพยนตร์ 5 องค์ประกอบ ได้แก่ 1. โครงเรื่อง 2. แก่นเรื่อง 3. ความขัดแย้ง 4. ตัวละคร 5. ฉาก เพื่อศึกษาการสื่อความหมายจากองค์ประกอบของภาพยนตร์ในลักษณะของภาพรวมที่ภาพยนตร์นำเสนอ และประยุกต์ใช้แนวคิดการประกอบสร้างความเป็นจริงทางสังคมมาเป็นกรอบในการใช้อภิปรายว่าภาพยนตร์เวียดนามมีการถ่ายทอดและนำเสนอความจริงเกี่ยวกับภาพยนตร์ชายรักชายอย่างไร มุมมองของสังคมเวียดนามที่ส่งผลต่อการประกอบสร้างภาพยนตร์ชายรักชายของเวียดนาม หรือกลไกใดบ้างที่อยู่เบื้องหลังในการประกอบสร้างภาพยนตร์ ผลการศึกษา: ผลการศึกษาพบว่า ภาพยนตร์ชายรักชายในเวียดนามระหว่างปี ค.ศ. 2007-2020 ส่วนใหญ่ถูกสร้างภายใต้อิทธิพลของการจำแนกคู่ตรงข้ามซึ่งสถาบันทางสังคมมีบทบาทในการผลิตความรู้และกำกับสมาชิกให้อยู่ภายใต้กฎเกณฑ์ เพื่อจัดระบบให้เป็นไปตามบรรทัดฐานทางสังคม ภาพยนตร์ชายรักชายถูกสร้างขึ้นโดยมีมิติทางสังคมและวัฒนธรรมเป็นตัวกำหนด ได้แก่ 1. การให้คุณค่ากับรักต่างเพศ 2. การให้คุณค่าความเป็นชาย 3. อคติที่มีต่อกลุ่มรักเพศเดียวกัน 4. อิทธิพลของขงจื๊อต่อการจัดระบบศีลธรรมทางเพศ โดยการประกอบสร้างภาพยนตร์ในช่วงแรกระหว่างปี ค.ศ. 2007-2015 แสดงถึงมุมมองเชิงลบ เชื่อมโยงกับภัยทางสังคม (Tệ nạn xã hội) สอดรับกับชุดความคิดของสังคมเวียดนามแบบเหมารวม ภายหลังมุมมองเกี่ยวกับกลุ่มรักเพศเดียวกันเริ่มเปลี่ยนแปลงไป อิทธิพลจากโลกความเป็นจริงมีส่วนกำหนดวิธีการประกอบสร้างภาพยนตร์ส่งผลให้ภาพยนตร์หลังปี 2016 ถูกสร้างขึ้นให้มีความหลากหลาย ทำให้เกิดภาพจำใหม่ในสังคม การประยุกต์ใช้: การศึกษานี้สามารนำไปใช้เป็นกรอบเพื่อทำความเข้าใจว่าภาพยนตร์เวียดนามมีวิธีการถ่ายทอดและนำเสนอความจริงเกี่ยวกับชายรักชายในสังคมอย่างไร ถูกประกอบสร้างโดยมุมมองทางสังคมและวัฒนธรรมอย่างไร หรือกลไกใดบ้างที่อยู่เบื้องหลังในการประกอบสร้างภาพยนตร์ นอกจากนี้ยังเป็นประโยชน์ต่อการทำความเข้าใจมิติต่าง ๆ ทางสังคมและวัฒนธรรมที่เกิดขึ้นในภาพยนตร์ ในการศึกษาครั้งถัดไปสามารถขยายขอบเขตไปยังซีรีส์ชายรักชาย หรือภาพยนตร์ชายรักชายนอกกระแสของเวียดนามว่ามีการนำเสนออย่างไร และสอดคล้องหรือแตกต่างกับสื่อประเภทอื่นหรือไม่ บทสรุป: ภาพยนตร์ชายรักชายในเวียดนามระหว่างปี 2007-2020 ถูกสร้างภายใต้อิทธิพลของการจำแนกคู่ตรงข้ามที่สะท้อนระบบคุณค่าทางสังคมต่อการจัดระเบียบคู่ตรงข้ามระหว่างชายกับหญิง ซึ่งสถาบันทางสังคมมีบทบาทในการผลิตความรู้และกำกับให้สมาชิกปฏิบัติตามบรรทัดฐานทางสังคม ทั้งนี้ ภาพยนตร์ชายรักชายมีพัฒนาการจากยุคเหมารวมที่เชื่อมโยงกับภัยทางสังคมสู่ยุคการสร้างภาพจำใหม่ อันเป็นผลมาจากการทบทวนกฎหมายและสิทธิของกลุ่มรักเพศเดียวกันในปี 2012 ทำให้การนำเสนอภาพยนตร์ชายรักชายหลังปี 2012 เริ่มเปลี่ยนแปลง ภาพของตัวละครชายรักชายจึงเริ่มมีความเป็นปกติมากขึ้นสะท้อนผ่านโครงเรื่อง แก่นเรื่อง และตัวละครที่ท้าทายชุดความคิดกระแสหลักเพื่อต่อต้านภาพจำในอดีต,https://so08.tci-thaijo.org/index.php/artssu/article/download/4054/3310,https://doi.org/10.69598/artssu.2025.4054.,2025-01-20
ประสทธผลของโปรแกรมบำบดโรคซมเศราดวยการเจรญสตตระหนกรความคด: การทบทวนวรรณกรรมอยางเปนระบบ,"บทนำ Mindfulness-Based Cognitive Therapy (MBCT) เป็นโปรแกรมบำบัดทางจิตวิทยาที่พัฒนา จากการบูรณาการ Mindfulness-Based Stress Reduction (MBSR) ของ Kabat-Zinn และ Cognitive Therapy ของ Beck เพื่อรักษาผู้ป่วยโรคซึมเศร้า โดยมุ่งเน้นการฝึกสติและการปรับเปลี่ยนความคิด ผู้ป่วยโรคซึมเศร้ามักมีความคิดบิดเบือนและเป็นลบ จนส่งผลต่ออารมณ์และพฤติกรรม การใช้โปรแกรม MBCT ช่วยให้ผู้ป่วยตระหนักรู้ความคิดและอารมณ์ในปัจจุบัน ลดการตอบสนองเชิงลบ และปรับเปลี่ยน พฤติกรรมที่ไม่เหมาะสม โปรแกรม MBCT ถูกนำมาใช้ในการป้องกันการกลับเป็นซ้ำของโรคซึมเศร้า และบรรเทาอาการซึมเศร้าในผู้ที่มีปัญหาเจ็บป่วยเรื้อรัง เช่น ผู้ป่วยเบาหวาน นอกจากนี้ยังช่วยส่งเสริม การตระหนักถึงความผาสุกในชีวิตของบุคคลทั่วไป ทำให้ MBCT เป็นแนวทางที่มีศักยภาพสูงทั้งในการป้องกัน และรักษาผู้ป่วยโรคซึมเศร้า ยังไม่พบการทบทวนวรรณกรรมอย่างเป็นระบบถึงประสิทธิผลของ MBCT ต่อการป้องกันการกลับเป็นซ้ำของโรคซึมเศร้าและการลดอาการซึมเศร้าของงานวิจัยในประเทศไทย วัตถุประสงค์ของการศึกษา เพื่อประเมินประสิทธิผลของโปรแกรมบำบัดโรคซึมเศร้าด้วย การเจริญสติตระหนักรู้ความคิดในการป้องกันการกลับเป็นซ้ำของโรคซึมเศร้าและลดอาการซึมเศร้า การออกแบบ เป็นการทบทวนวรรณกรรมอย่างเป็นระบบ วิธีดำเนินการ การทบทวนวรรณกรรมอย่างเป็นระบบดำเนินการตามหลักของ The Preferred Reporting Items for Systematic Reviews and Meta-Analyses (PRISMA) guidelines คำถามการวิจัยคือ การบำบัดด้วยการเจริญสติตระหนักรู้ความคิดมีประสิทธิผลในการป้องกันการกลับเป็นซ้ำและลดอาการซึมเศร้าในผู้ป่วยโรคซึมเศร้าได้หรือไม่ เกณฑ์ในการคัดเลือกงานวิจัยกำหนดตามกรอบ PICO โดย P - Population เป็นผู้ป่วยโรคซึมเศร้าหรือผู้ป่วยที่มีอาการซึมเศร้าหลงเหลือหลังการรักษาหรือผู้ที่มีอาการซึมเศร้า I – Intervention เป็นโปรแกรม Mindfulness-Based Cognitive Therapy ที่ใช้สำหรับ บำบัดผู้ป่วยโรคซึมเศร้าหรือผู้ที่มีอาการซึมเศร้า C – Comparison เป็นโปรแกรมอื่น ๆ หรือการพยาบาล ที่ปฏิบัติอยู่หรือการรักษาด้วยยาต้านซึมเศร้าอย่างเดียว O - Outcomes ได้แก่ การป้องกันการกลับเป็นซ้ำ/กำเริบซ้ำ และการลดความรุนแรงของอาการซึมเศร้า การสืบค้นงานวิจัย ทำการสืบค้นจากฐานข้อมูลทั้งภาษาไทย และภาษาอังกฤษ ได้แก่ PubMed, Medline, PsycINFO, CINAHL, Web of Science, Embase, และ ThaiJo คำสำคัญที่ใช้ในการสืบค้นเอกสาร ได้แก่ mindfulness-based cognitive therapy or MBCT, depression, depressive disorders และการบำบัดความคิดด้วยการฝึกสติ ภาวะซึมเศร้า โรคซึมเศร้า โดยรูปแบบการวิจัย เป็นการวิจัยเชิงทดลองหรือกึ่งทดลอง ที่ตีพิมพ์เผยแพร่เป็นภาษาอังกฤษและภาษาไทย ระหว่างวันที่ 1 มกราคม 2545 - 31 ธันวาคม 2565 การคัดเลือกงานวิจัยที่สืบค้นได้ตามเกณฑ์ที่กำหนดและการประเมิน คุณภาพงานวิจัยโดยใช้เครื่องมือประเมินคุณภาพงานวิจัยของสถาบันโจนนาบริกส์ ดำเนินการโดยนักวิจัย 3 คน ทำงานอย่างเป็นอิสระต่อกัน กรณีที่ผลการคัดเลือกงานวิจัยหรือการประเมินคุณภาพงานวิจัยมีความแตกต่างกัน จะใช้วิธีการประชุมเพื่อหาข้อสรุปที่เป็นฉันทามติ ข้อมูลเกี่ยวกับชื่อผู้วิจัย ประเทศที่ทำการศึกษา ลักษณะของโปรแกรมบำบัดและโปรแกรมเปรียบเทียบ การออกแบบการวิจัย กลุ่มตัวอย่าง และผลการวิจัยของงานวิจัยที่คัดเลือกไว้ทบทวนวรรณกรรม ถูกสกัดในตารางเพื่อนำมาสรุปสังเคราะห์เนื้อหาและรายงานผล ผลการศึกษา จากการทบทวนวรรณกรรมทั้งหมดที่ผ่านการคัดกรองตามเกณฑ์ PICO พบว่า มีงานวิจัยที่เกี่ยวข้องจำนวน 22 เรื่อง โดย 18 เรื่องเป็นงานวิจัยในต่างประเทศ และ 4 เรื่องเป็นงานวิจัยในประเทศไทย ซึ่งส่วนใหญ่เป็นการทดลองแบบสุ่มและมีกลุ่มควบคุม (randomized controlled trials: RCTs) ผลลัพธ์หลัก พบว่า โปรแกรม MBCT มีประสิทธิผลสูงในการป้องกันการกลับเป็นซ้ำของโรคซึมเศร้าในกลุ่มผู้ป่วยที่มีประวัติการป่วยซึมเศร้ามาแล้วตั้งแต่ 3 ครั้งขึ้นไป ผู้ป่วยที่ยังมีอาการหลงเหลือหลังการรักษา รวมถึงผู้ป่วยที่มีระยะเวลาเป็นโรคซึมเศร้านานกว่า 2 ปี นอกจากนี้ ยังพบว่าโปรแกรม MBCT มีผลดีต่อผู้ป่วยที่ไม่ตอบสนองต่อการรักษาด้วยยาต้านอาการซึมเศร้า และหญิงตั้งครรภ์ที่มีความเสี่ยง ต่อการกลับเป็นซ้ำของโรคในช่วงตั้งครรภ์ ผลลัพธ์เพิ่มเติม ในกลุ่มที่ได้รับโปรแกรม MBCT ร่วมกับยาต้านซึมเศร้า พบว่าอัตราการกลับเป็นซ้ำของอาการซึมเศร้าลดลงอย่างมีนัยสำคัญ เมื่อเปรียบเทียบกับกลุ่มที่ได้รับเพียงยาต้านซึมเศร้าและการบำบัดแบบมาตรฐาน โปรแกรม MBCT ยังมีการประยุกต์ใช้กับผู้ป่วยที่มีภาวะซึมเศร้าและโรคทางกายเรื้อรัง เช่น มะเร็ง เบาหวาน และกระเพาะอาหารอักเสบ โดยสามารถลดอาการซึมเศร้าและความวิตกกังวลที่สัมพันธ์กับโรคได้ และมีการพัฒนาในการบำบัดจากเดิม แบบกลุ่มบำบัดเป็นแบบรายบุคคล รวมทั้งเริ่มมีการพัฒนาเป็นแบบออนไลน์ โดยมีผู้บำบัดเป็นผู้ช่วย ทางออนไลน์มากยิ่งขึ้น ข้อเสนอแนะ โปรแกรมการบำบัดด้วยการเจริญสติตระหนักรู้ความคิด มีประสิทธิผลในการป้องกัน การกลับเป็นซ้ำของโรคซึมเศร้าและลดอาการซึมเศร้า โดยเฉพาะเมื่อใช้ร่วมกับการรักษาด้วยยาต้าน อาการเศร้าหรือการบำบัดอื่น พยาบาลจึงควรนำโปรแกรม MBCT ไปประยุกต์ใช้ในการดูแลผู้ป่วยโรคซึมเศร้ากลุ่มต่าง ๆ โดยปรับให้เหมาะสมกับบริบทของผู้ป่วยและมีการคงไว้ของหลักการสำคัญของโปรแกรมการบำบัดด้วยการเจริญสติตระหนักรู้ความคิด คือ การช่วยให้ผู้เข้ารับการบำบัดได้ตระหนักรู้ถึงการอยู่กับปัจจุบันและสามารถมองเห็นตัวเองแยกจากรูปแบบความคิดเก่า ๆ และอารมณ์ความรู้สึก ตลอดจนสามารถนำไปใช้ในชีวิตประจำวันเพื่อให้เป็นวิถีชีวิตปกติ และควรนำโปรแกรม MBCT รูปแบบออนไลน์ไปประยุกต์ใช้เพื่อเพิ่มการเข้าถึงของผู้ป่วยโรคซึมเศร้าหรือการใช้รูปแบบการบำบัดแบบผสมผสาน นอกจากนี้ ควรทำการศึกษาเพื่อประเมินประสิทธิผลของโปรแกรม MBCT ต่อการป้องกันการกลับเป็นซ้ำของโรคซึมเศร้าและลดอาการซึมเศร้า โดยออกแบบการวิจัยเป็นเชิงทดลองแบบสุ่ม ที่มีการเปรียบเทียบกับโปรแกรมการบำบัดอื่น ๆ หรือการรักษาด้วยยาต้านอาการซึมเศร้า และศึกษาในกลุ่มตัวอย่างขนาดใหญ่ เพื่อความน่าเชื่อถือในการยืนยันผลการวิจัย",https://he02.tci-thaijo.org/index.php/TJONC/article/download/266267/186119,https://doi.org/10.60099/jtnmc.v40i01.266267,2025-02-02
The Marcos-Duterte Dynastic Regime in the Philippines: How Long Will It Last?,,https://so04.tci-thaijo.org/index.php/socialresearchjournal/article/download/269641/185569,https://doi.org/10.58837/chula.jsrr.47.2.1,2024-01-01
การศกษาผลของพารามเตอรควบคมตอสมรรถนะของการอบแหงเมลดโกโกดวยเครองอบแหงแบบปมความรอน,"งานวิจัยนี้มีวัตถุประสงค์เพื่อศึกษาผลของพารามิเตอร์ควบคุมต่อสมรรถนะของการอบแห้งเมล็ดโกโก้ด้วยเครื่องอบแห้งแบบปั๊มความร้อน ซึ่งอัตราการอบแห้ง ค่าสัมประสิทธิ์สมรรถนะปั๊มความร้อน อัตราการดึงน้ำออกจำเพาะ และคุณภาพด้านสีถูกวิเคราะห์สำหรับบ่งชี้สมรรถนะการอบแห้งเมล็ดโกโก้ พารามิเตอร์ควบคุมประกอบด้วย อุณหภูมิ 40, 50 และ 60 ºC และความเร็วลม 1.5, 3.5 และ 5.5 m/s โดยใช้เครื่องอบแห้งแบบปั๊มความร้อนขนาดเล็กซึ่งควบคุมระบบอากาศแบบปิดโดยใช้อากาศข้ามเครื่องทำระเหย 60 % วัตถุดิบใช้เมล็ดโกโก้ที่ผ่านกระบวนการหมักจำนวน 1 kg ซึ่งมีความชื้นเริ่มต้น 142.42±0.52 % (มาตรฐานแห้ง) และทดสอบจนถึงความชื้นสุดท้าย 6.09±0.56 % (มาตรฐานแห้ง) ผลการทดลองพบว่าที่อุณหภูมิเดียวกันเมื่อความเร็วลมเพิ่มขึ้นส่งผลให้อัตราการอบแห้ง และสัมประสิทธิ์สมรรถนะปั๊มความร้อนเพิ่มขึ้น แต่อัตราการดึงน้ำออกจำเพาะลดลงและกรณีสภาวะความเร็วคงที่จากนั้นเพิ่มอุณหภูมิพบว่า อัตราการอบแห้ง และสัมประสิทธิ์สมรรถนะปั๊มความร้อนเพิ่มขึ้น แต่อัตราการดึงน้ำออกจำเพาะลดลง ส่วนคุณภาพสีเมื่ออุณหภูมิและความเร็วเพิ่มขึ้นพบว่า ค่าความสว่าง (L) และค่าความเป็นสีเหลือง (b*) ลดลง แต่ค่าความเป็นสีแดง (a*) เพิ่มขึ้น สุดท้ายควรใช้สภาวะที่อุณหภูมิ 40 °C ความเร็วลม 1.5 m/s เนื่องจากให้ค่าเฉลี่ยอัตราการดึงน้ำออกจำเพาะสูงสุดและคุณภาพของเมล็ดโกโก้อบแห้งเป็นไปตามความต้องการของกลุ่มอาชีพ",https://li01.tci-thaijo.org/index.php/researchjournal2rmutto/article/download/264551/180400,https://doi.org/10.63271/rmuttorj.v18i1.264551,2025-06-30
"ปจจยทสงผลตอภาวะ not in education, employment, or training (NEET) ในเยาวชนไทย อาย 15 - 25 ป : การศกษาเชงคณภาพ","วัตถุประสงค์ : เพื่ออธิบายปรากฏการณ์และปัจจัยที่ส่งผลต่อการเกิดภาวะที่ไม่ได้อยู่ระหว่างการศึกษา การทำงาน หรือการฝึกอบรมใด ๆ (not in education, employment, or training: NEET) ของเยาวชนไทย วิธีการ : การศึกษาเชิงคุณภาพในเยาวชนไทยอายุ 15 - 25 ปีที่ได้รับการยืนยันภาวะ NEET และผู้ปกครอง เก็บข้อมูลด้วยแบบสัมภาษณ์กึ่งโครงสร้างตั้งแต่เดือนกรกฎาคม ถึง พฤศจิกายน พ.ศ. 2566 วิเคราะห์ข้อมูลด้วยการวิเคราะห์เชิงเนื้อหาและตรวจสอบความน่าเชื่อถือของข้อมูลด้วยการตรวจสอบสามเส้า ผล : ผู้ให้ข้อมูล 12 คน เป็นเยาวชนที่มีภาวะ NEET 9 คนและผู้ปกครอง 3 คน ปัจจัยที่มีผลต่อการเกิดหรือการคงอยู่ของภาวะ NEET ได้แก่ ความไม่สอดคล้องกันระหว่างคุณสมบัติและประสบการณ์ของเยาวชนกับความต้องการของตลาดแรงงาน การสนับสนุนจากครอบครัวด้านจิตใจและด้านการดำรงชีพของเยาวชนระหว่างภาวะ NEET การที่ผู้ปกครองไม่สื่อสารความคาดหวังต่อการทำงานของเยาวชนอย่างตรงไปตรงมา และการขาดแรงจูงใจและเป้าหมายชีวิตของเยาวชน สรุป : ปัจจัยที่อธิบายภาวะ NEET ของเยาวชนไทยมีทั้งปัจจัยภายในบุคคล ปัจจัยด้านครอบครัว และปัจจัยภายนอก ภาครัฐหรือหน่วยงานที่เกี่ยวข้องควรจัดให้มีโปรแกรมการศึกษาที่ส่งเสริมการค้นพบตนเอง ร่วมกับบริการให้คำปรึกษาและแนะแนวอาชีพเพื่อส่งเสริมการวางแผนอนาคตและการสื่อสารที่มีประสิทธิภาพภายในครอบครัว",https://he01.tci-thaijo.org/index.php/jmht/article/download/274278/187598,https://doi.org/10.64838/jmht.2025.274278,2025-06-24
Monoacetone Hexuronic Acid,,https://www.nature.com/articles/130847b0.pdf,https://doi.org/10.1038/130847b0,1932-12-03
The Skolem property in rings of integer-valued polynomials,"Let <inline-formula content-type=""math/mathml""> <mml:math xmlns:mml=""http://www.w3.org/1998/Math/MathML"" alttext=""upper D""> <mml:semantics> <mml:mi>D</mml:mi> <mml:annotation encoding=""application/x-tex"">D</mml:annotation> </mml:semantics> </mml:math> </inline-formula> be an integral domain with quotient field <inline-formula content-type=""math/mathml""> <mml:math xmlns:mml=""http://www.w3.org/1998/Math/MathML"" alttext=""upper K""> <mml:semantics> <mml:mi>K</mml:mi> <mml:annotation encoding=""application/x-tex"">K</mml:annotation> </mml:semantics> </mml:math> </inline-formula> and <inline-formula content-type=""math/mathml""> <mml:math xmlns:mml=""http://www.w3.org/1998/Math/MathML"" alttext=""upper E subset-of-or-equal-to upper D""> <mml:semantics> <mml:mrow> <mml:mi>E</mml:mi> <mml:mo>⊆</mml:mo> <mml:mi>D</mml:mi> </mml:mrow> <mml:annotation encoding=""application/x-tex"">E\subseteq D</mml:annotation> </mml:semantics> </mml:math> </inline-formula>. We investigate the relationship between the Skolem and completely integrally closed properties in the ring of integer-valued polynomials <disp-formula content-type=""math/mathml""> \[ <mml:math xmlns:mml=""http://www.w3.org/1998/Math/MathML"" alttext=""normal upper I normal n normal t left-parenthesis upper E comma upper D right-parenthesis equals left-brace f left-parenthesis upper X right-parenthesis bar f left-parenthesis upper X right-parenthesis element-of upper K left-bracket upper X right-bracket and f left-parenthesis a right-parenthesis element-of upper D for every a element-of upper E right-brace period""> <mml:semantics> <mml:mrow> <mml:mrow class=""MJX-TeXAtom-ORD""> <mml:mi mathvariant=""normal"">I</mml:mi> <mml:mi mathvariant=""normal"">n</mml:mi> <mml:mi mathvariant=""normal"">t</mml:mi> </mml:mrow> <mml:mo stretchy=""false"">(</mml:mo> <mml:mi>E</mml:mi> <mml:mo>,</mml:mo> <mml:mi>D</mml:mi> <mml:mo stretchy=""false"">)</mml:mo> <mml:mo>=</mml:mo> <mml:mo fence=""false"" stretchy=""false"">{</mml:mo> <mml:mi>f</mml:mi> <mml:mo stretchy=""false"">(</mml:mo> <mml:mi>X</mml:mi> <mml:mo stretchy=""false"">)</mml:mo> <mml:mo>∣</mml:mo> <mml:mi>f</mml:mi> <mml:mo stretchy=""false"">(</mml:mo> <mml:mi>X</mml:mi> <mml:mo stretchy=""false"">)</mml:mo> <mml:mo>∈</mml:mo> <mml:mi>K</mml:mi> <mml:mo stretchy=""false"">[</mml:mo> <mml:mi>X</mml:mi> <mml:mo stretchy=""false"">]</mml:mo> <mml:mtext> and </mml:mtext> <mml:mi>f</mml:mi> <mml:mo stretchy=""false"">(</mml:mo> <mml:mi>a</mml:mi> <mml:mo stretchy=""false"">)</mml:mo> <mml:mo>∈</mml:mo> <mml:mi>D</mml:mi> <mml:mtext> for every </mml:mtext> <mml:mi>a</mml:mi> <mml:mo>∈</mml:mo> <mml:mi>E</mml:mi> <mml:mo fence=""false"" stretchy=""false"">}</mml:mo> <mml:mo>.</mml:mo> </mml:mrow> <mml:annotation encoding=""application/x-tex"">\mathrm {Int}(E, D) = \{f(X) \mid f(X) \in K[X] \text { and } f(a)\in D \text { for every } a\in E\}.</mml:annotation> </mml:semantics> </mml:math> \] </disp-formula> Among other things, we show for the case <inline-formula content-type=""math/mathml""> <mml:math xmlns:mml=""http://www.w3.org/1998/Math/MathML"" alttext=""upper D equals double-struck upper Z""> <mml:semantics> <mml:mrow> <mml:mi>D</mml:mi> <mml:mo>=</mml:mo> <mml:mrow class=""MJX-TeXAtom-ORD""> <mml:mi mathvariant=""double-struck"">Z</mml:mi> </mml:mrow> </mml:mrow> <mml:annotation encoding=""application/x-tex"">D=\mathbb {Z}</mml:annotation> </mml:semantics> </mml:math> </inline-formula> and <inline-formula content-type=""math/mathml""> <mml:math xmlns:mml=""http://www.w3.org/1998/Math/MathML"" alttext=""StartAbsoluteValue upper E EndAbsoluteValue equals normal infinity""> <mml:semantics> <mml:mrow> <mml:mo fence=""false"" stretchy=""false"">|</mml:mo> <mml:mi>E</mml:mi> <mml:mo fence=""false"" stretchy=""false"">|</mml:mo> <mml:mo>=</mml:mo> <mml:mi mathvariant=""normal"">∞</mml:mi> </mml:mrow> <mml:annotation encoding=""application/x-tex"">\vert E \vert = \infty</mml:annotation> </mml:semantics> </mml:math> </inline-formula> that the following are equivalent: (1) <inline-formula content-type=""math/mathml""> <mml:math xmlns:mml=""http://www.w3.org/1998/Math/MathML"" alttext=""Int left-parenthesis upper E comma double-struck upper Z right-parenthesis""> <mml:semantics> <mml:mrow> <mml:mtext>Int</mml:mtext> <mml:mo stretchy=""false"">(</mml:mo> <mml:mi>E</mml:mi> <mml:mo>,</mml:mo> <mml:mrow class=""MJX-TeXAtom-ORD""> <mml:mi mathvariant=""double-struck"">Z</mml:mi> </mml:mrow> <mml:mo stretchy=""false"">)</mml:mo> </mml:mrow> <mml:annotation encoding=""application/x-tex"">\text {Int}(E,\mathbb {Z})</mml:annotation> </mml:semantics> </mml:math> </inline-formula> is strongly Skolem, (2) <inline-formula content-type=""math/mathml""> <mml:math xmlns:mml=""http://www.w3.org/1998/Math/MathML"" alttext=""Int left-parenthesis upper E comma double-struck upper Z right-parenthesis""> <mml:semantics> <mml:mrow> <mml:mtext>Int</mml:mtext> <mml:mo stretchy=""false"">(</mml:mo> <mml:mi>E</mml:mi> <mml:mo>,</mml:mo> <mml:mrow class=""MJX-TeXAtom-ORD""> <mml:mi mathvariant=""double-struck"">Z</mml:mi> </mml:mrow> <mml:mo stretchy=""false"">)</mml:mo> </mml:mrow> <mml:annotation encoding=""application/x-tex"">\text {Int}(E,\mathbb {Z})</mml:annotation> </mml:semantics> </mml:math> </inline-formula> is completely integrally closed, and (3) <inline-formula content-type=""math/mathml""> <mml:math xmlns:mml=""http://www.w3.org/1998/Math/MathML"" alttext=""Int left-parenthesis upper E comma double-struck upper Z right-parenthesis equals Int left-parenthesis upper E minus StartSet a EndSet comma double-struck upper Z right-parenthesis""> <mml:semantics> <mml:mrow> <mml:mtext>Int</mml:mtext> <mml:mo stretchy=""false"">(</mml:mo> <mml:mi>E</mml:mi> <mml:mo>,</mml:mo> <mml:mrow class=""MJX-TeXAtom-ORD""> <mml:mi mathvariant=""double-struck"">Z</mml:mi> </mml:mrow> <mml:mo stretchy=""false"">)</mml:mo> <mml:mo>=</mml:mo> <mml:mtext>Int</mml:mtext> <mml:mo stretchy=""false"">(</mml:mo> <mml:mi>E</mml:mi> <mml:mi class=""MJX-variant"" mathvariant=""normal"">∖</mml:mi> <mml:mo fence=""false"" stretchy=""false"">{</mml:mo> <mml:mi>a</mml:mi> <mml:mo fence=""false"" stretchy=""false"">}</mml:mo> <mml:mo>,</mml:mo> <mml:mrow class=""MJX-TeXAtom-ORD""> <mml:mi mathvariant=""double-struck"">Z</mml:mi> </mml:mrow> <mml:mo stretchy=""false"">)</mml:mo> </mml:mrow> <mml:annotation encoding=""application/x-tex"">\text {Int}(E,\mathbb {Z})= \text {Int}(E\backslash \{a\}, \mathbb {Z})</mml:annotation> </mml:semantics> </mml:math> </inline-formula> for every <inline-formula content-type=""math/mathml""> <mml:math xmlns:mml=""http://www.w3.org/1998/Math/MathML"" alttext=""a element-of upper E""> <mml:semantics> <mml:mrow> <mml:mi>a</mml:mi> <mml:mo>∈</mml:mo> <mml:mi>E</mml:mi> </mml:mrow> <mml:annotation encoding=""application/x-tex"">a\in E</mml:annotation> </mml:semantics> </mml:math> </inline-formula>.",https://www.ams.org/proc/1998-126-11/S0002-9939-98-04376-7/S0002-9939-98-04376-7.pdf,https://doi.org/10.1090/s0002-9939-98-04376-7,1998-01-01
Chemical Stability and Mechanism of Degradation of Omeprazole in Solution(ความคงตวทางเคมและกลไกการเสอมสลายของโอมปราโซลใน สารละลาย),"o f o m e p ra z o le in b u ffe r so lu tio n s a t v a rio u s p H v a lu es, 5 .0, 7 .0, 8 .0, a n d 10.0, w e re stu d ie d at th re e d iffe re n t stre ss c o n d itio n s, 2 5 , 4 0 , a n d 5 0 °c.",https://digital.car.chula.ac.th/cgi/viewcontent.cgi?article=1145&context=tjps,https://doi.org/10.56808/3027-7922.1145,1998-01-01
Identification and Specification of Khaao-Yen-Nuea Khaao-Yen-Tai(การตรวจพสจนและการทำขอกำหนดของขาวเยนเหนอ ขาวเยนใต),"Specification ofKhaao -Yen -Nuea Khaao -Yen -Tai of the 4 authentic -plant drugs has been carried out on the morphological of plants, macroscopical and microscopical (histology and powdered drug) characteristic, limit of moisture content, total ash, acid insoluble ash, amount of water and ethanol extractive and TLC patterns.Of41) investigated samples ofcrude drugs sold in commercial markets, it was found that there are Smilax glabra Roxb.27.5 c7(. .ร,. corbularia K until.17.5 c7<, Smilax spp.35 l /i , Dioscorea birmanica Plain et Rurkill 7.5 % and Pygmaeopremna herbacea (Roxb.)Mold 12.5 '/(",https://digital.car.chula.ac.th/cgi/viewcontent.cgi?article=1241&context=tjps,https://doi.org/10.56808/3027-7922.1241,1993-01-01
A note on generators of least degree in Gorenstein ideals,"Assume <inline-formula content-type=""math/mathml""> <mml:math xmlns:mml=""http://www.w3.org/1998/Math/MathML"" alttext=""upper R""> <mml:semantics> <mml:mi>R</mml:mi> <mml:annotation encoding=""application/x-tex"">R</mml:annotation> </mml:semantics> </mml:math> </inline-formula> is a polynomial ring over a field and <inline-formula content-type=""math/mathml""> <mml:math xmlns:mml=""http://www.w3.org/1998/Math/MathML"" alttext=""upper I""> <mml:semantics> <mml:mi>I</mml:mi> <mml:annotation encoding=""application/x-tex"">I</mml:annotation> </mml:semantics> </mml:math> </inline-formula> is a homogeneous Gorenstein ideal of codimension <inline-formula content-type=""math/mathml""> <mml:math xmlns:mml=""http://www.w3.org/1998/Math/MathML"" alttext=""g greater-than-or-equal-to 3""> <mml:semantics> <mml:mrow> <mml:mi>g</mml:mi> <mml:mo>≥</mml:mo> <mml:mn>3</mml:mn> </mml:mrow> <mml:annotation encoding=""application/x-tex"">g\ge 3</mml:annotation> </mml:semantics> </mml:math> </inline-formula> and initial degree <inline-formula content-type=""math/mathml""> <mml:math xmlns:mml=""http://www.w3.org/1998/Math/MathML"" alttext=""p greater-than-or-equal-to 2""> <mml:semantics> <mml:mrow> <mml:mi>p</mml:mi> <mml:mo>≥</mml:mo> <mml:mn>2</mml:mn> </mml:mrow> <mml:annotation encoding=""application/x-tex"">p\ge 2</mml:annotation> </mml:semantics> </mml:math> </inline-formula>. We prove that the number of minimal generators <inline-formula content-type=""math/mathml""> <mml:math xmlns:mml=""http://www.w3.org/1998/Math/MathML"" alttext=""nu left-parenthesis upper I Subscript p Baseline right-parenthesis""> <mml:semantics> <mml:mrow> <mml:mi>ν</mml:mi> <mml:mo stretchy=""false"">(</mml:mo> <mml:msub> <mml:mi>I</mml:mi> <mml:mi>p</mml:mi> </mml:msub> <mml:mo stretchy=""false"">)</mml:mo> </mml:mrow> <mml:annotation encoding=""application/x-tex"">\nu (I_p)</mml:annotation> </mml:semantics> </mml:math> </inline-formula> of <inline-formula content-type=""math/mathml""> <mml:math xmlns:mml=""http://www.w3.org/1998/Math/MathML"" alttext=""upper I""> <mml:semantics> <mml:mi>I</mml:mi> <mml:annotation encoding=""application/x-tex"">I</mml:annotation> </mml:semantics> </mml:math> </inline-formula> that are of degree <inline-formula content-type=""math/mathml""> <mml:math xmlns:mml=""http://www.w3.org/1998/Math/MathML"" alttext=""p""> <mml:semantics> <mml:mi>p</mml:mi> <mml:annotation encoding=""application/x-tex"">p</mml:annotation> </mml:semantics> </mml:math> </inline-formula> is bounded above by <inline-formula content-type=""math/mathml""> <mml:math xmlns:mml=""http://www.w3.org/1998/Math/MathML"" alttext=""nu 0 equals StartBinomialOrMatrix p plus g minus 1 Choose g minus 1 EndBinomialOrMatrix minus StartBinomialOrMatrix p plus g minus 3 Choose g minus 1 EndBinomialOrMatrix""> <mml:semantics> <mml:mrow> <mml:msub> <mml:mi>ν</mml:mi> <mml:mn>0</mml:mn> </mml:msub> <mml:mo>=</mml:mo> <mml:mrow> <mml:mstyle scriptlevel=""0""> <mml:mrow class=""MJX-TeXAtom-OPEN""> <mml:mo maxsize=""1.2em"" minsize=""1.2em"">(</mml:mo> </mml:mrow> </mml:mstyle> <mml:mfrac linethickness=""0""> <mml:mrow> <mml:mi>p</mml:mi> <mml:mo>+</mml:mo> <mml:mi>g</mml:mi> <mml:mo>−</mml:mo> <mml:mn>1</mml:mn> </mml:mrow> <mml:mrow> <mml:mi>g</mml:mi> <mml:mo>−</mml:mo> <mml:mn>1</mml:mn> </mml:mrow> </mml:mfrac> <mml:mstyle scriptlevel=""0""> <mml:mrow class=""MJX-TeXAtom-CLOSE""> <mml:mo maxsize=""1.2em"" minsize=""1.2em"">)</mml:mo> </mml:mrow> </mml:mstyle> </mml:mrow> <mml:mo>−</mml:mo> <mml:mrow> <mml:mstyle scriptlevel=""0""> <mml:mrow class=""MJX-TeXAtom-OPEN""> <mml:mo maxsize=""1.2em"" minsize=""1.2em"">(</mml:mo> </mml:mrow> </mml:mstyle> <mml:mfrac linethickness=""0""> <mml:mrow> <mml:mi>p</mml:mi> <mml:mo>+</mml:mo> <mml:mi>g</mml:mi> <mml:mo>−</mml:mo> <mml:mn>3</mml:mn> </mml:mrow> <mml:mrow> <mml:mi>g</mml:mi> <mml:mo>−</mml:mo> <mml:mn>1</mml:mn> </mml:mrow> </mml:mfrac> <mml:mstyle scriptlevel=""0""> <mml:mrow class=""MJX-TeXAtom-CLOSE""> <mml:mo maxsize=""1.2em"" minsize=""1.2em"">)</mml:mo> </mml:mrow> </mml:mstyle> </mml:mrow> </mml:mrow> <mml:annotation encoding=""application/x-tex"">\nu _0=\binom {p+g-1}{g-1}-\binom {p+g-3}{g-1}</mml:annotation> </mml:semantics> </mml:math> </inline-formula>, which is the number of minimal generators of the defining ideal of the extremal Gorenstein algebra of codimension <inline-formula content-type=""math/mathml""> <mml:math xmlns:mml=""http://www.w3.org/1998/Math/MathML"" alttext=""g""> <mml:semantics> <mml:mi>g</mml:mi> <mml:annotation encoding=""application/x-tex"">g</mml:annotation> </mml:semantics> </mml:math> </inline-formula> and initial degree <inline-formula content-type=""math/mathml""> <mml:math xmlns:mml=""http://www.w3.org/1998/Math/MathML"" alttext=""p""> <mml:semantics> <mml:mi>p</mml:mi> <mml:annotation encoding=""application/x-tex"">p</mml:annotation> </mml:semantics> </mml:math> </inline-formula>. Further, <inline-formula content-type=""math/mathml""> <mml:math xmlns:mml=""http://www.w3.org/1998/Math/MathML"" alttext=""upper I""> <mml:semantics> <mml:mi>I</mml:mi> <mml:annotation encoding=""application/x-tex"">I</mml:annotation> </mml:semantics> </mml:math> </inline-formula> is itself extremal if <inline-formula content-type=""math/mathml""> <mml:math xmlns:mml=""http://www.w3.org/1998/Math/MathML"" alttext=""nu left-parenthesis upper I Subscript p Baseline right-parenthesis equals nu 0""> <mml:semantics> <mml:mrow> <mml:mi>ν</mml:mi> <mml:mo stretchy=""false"">(</mml:mo> <mml:msub> <mml:mi>I</mml:mi> <mml:mi>p</mml:mi> </mml:msub> <mml:mo stretchy=""false"">)</mml:mo> <mml:mo>=</mml:mo> <mml:msub> <mml:mi>ν</mml:mi> <mml:mn>0</mml:mn> </mml:msub> </mml:mrow> <mml:annotation encoding=""application/x-tex"">\nu (I_p)=\nu _0</mml:annotation> </mml:semantics> </mml:math> </inline-formula>.",https://www.ams.org/proc/1996-124-02/S0002-9939-96-03095-X/S0002-9939-96-03095-X.pdf,https://doi.org/10.1090/s0002-9939-96-03095-x,1996-01-01
Delta methods in enveloping algebras of Lie superalgebras,"Let <inline-formula content-type=""math/mathml""> <mml:math xmlns:mml=""http://www.w3.org/1998/Math/MathML"" alttext=""upper L""> <mml:semantics> <mml:mi>L</mml:mi> <mml:annotation encoding=""application/x-tex"">L</mml:annotation> </mml:semantics> </mml:math> </inline-formula> be a Lie superalgebra over a field <inline-formula content-type=""math/mathml""> <mml:math xmlns:mml=""http://www.w3.org/1998/Math/MathML"" alttext=""upper K""> <mml:semantics> <mml:mi>K</mml:mi> <mml:annotation encoding=""application/x-tex"">K</mml:annotation> </mml:semantics> </mml:math> </inline-formula> of characteristic <inline-formula content-type=""math/mathml""> <mml:math xmlns:mml=""http://www.w3.org/1998/Math/MathML"" alttext=""not-equals 2""> <mml:semantics> <mml:mrow> <mml:mo>≠<!-- ≠ --></mml:mo> <mml:mn>2</mml:mn> </mml:mrow> <mml:annotation encoding=""application/x-tex"">\ne 2</mml:annotation> </mml:semantics> </mml:math> </inline-formula> . We define <disp-formula content-type=""math/mathml""> \[ <mml:math xmlns:mml=""http://www.w3.org/1998/Math/MathML"" alttext=""normal upper Delta left-parenthesis upper L right-parenthesis equals StartSet l element-of upper L vertical-bar dimension Subscript upper K Baseline left-bracket upper L comma l right-bracket greater-than normal infinity EndSet period""> <mml:semantics> <mml:mrow> <mml:mi mathvariant=""normal"">Δ<!-- Δ --></mml:mi> <mml:mo stretchy=""false"">(</mml:mo> <mml:mi>L</mml:mi> <mml:mo stretchy=""false"">)</mml:mo> <mml:mo>=</mml:mo> <mml:mo fence=""false"" stretchy=""false"">{</mml:mo> <mml:mi>l</mml:mi> <mml:mo>∈<!-- ∈ --></mml:mo> <mml:mi>L</mml:mi> <mml:mrow class=""MJX-TeXAtom-ORD""> <mml:mo stretchy=""false"">|</mml:mo> </mml:mrow> <mml:mrow class=""MJX-TeXAtom-ORD""> <mml:msub> <mml:mi>dim</mml:mi> <mml:mi>K</mml:mi> </mml:msub> </mml:mrow> <mml:mo stretchy=""false"">[</mml:mo> <mml:mi>L</mml:mi> <mml:mo>,</mml:mo> <mml:mi>l</mml:mi> <mml:mo stretchy=""false"">]</mml:mo> <mml:mo>&gt;</mml:mo> <mml:mi mathvariant=""normal"">∞<!-- ∞ --></mml:mi> <mml:mo fence=""false"" stretchy=""false"">}</mml:mo> <mml:mo>.</mml:mo> </mml:mrow> <mml:annotation encoding=""application/x-tex"">\Delta (L) = \{ l \in L|{\dim _K}[L,l] &gt; \infty \}.</mml:annotation> </mml:semantics> </mml:math> \] </disp-formula> Then <inline-formula content-type=""math/mathml""> <mml:math xmlns:mml=""http://www.w3.org/1998/Math/MathML"" alttext=""normal upper Delta left-parenthesis upper L right-parenthesis""> <mml:semantics> <mml:mrow> <mml:mi mathvariant=""normal"">Δ<!-- Δ --></mml:mi> <mml:mo stretchy=""false"">(</mml:mo> <mml:mi>L</mml:mi> <mml:mo stretchy=""false"">)</mml:mo> </mml:mrow> <mml:annotation encoding=""application/x-tex"">\Delta (L)</mml:annotation> </mml:semantics> </mml:math> </inline-formula> is a Lie ideal of <inline-formula content-type=""math/mathml""> <mml:math xmlns:mml=""http://www.w3.org/1998/Math/MathML"" alttext=""upper L""> <mml:semantics> <mml:mi>L</mml:mi> <mml:annotation encoding=""application/x-tex"">L</mml:annotation> </mml:semantics> </mml:math> </inline-formula> and is restricted if <inline-formula content-type=""math/mathml""> <mml:math xmlns:mml=""http://www.w3.org/1998/Math/MathML"" alttext=""upper L""> <mml:semantics> <mml:mi>L</mml:mi> <mml:annotation encoding=""application/x-tex"">L</mml:annotation> </mml:semantics> </mml:math> </inline-formula> is restricted. <inline-formula content-type=""math/mathml""> <mml:math xmlns:mml=""http://www.w3.org/1998/Math/MathML"" alttext=""normal upper Delta left-parenthesis upper L right-parenthesis""> <mml:semantics> <mml:mrow> <mml:mi mathvariant=""normal"">Δ<!-- Δ --></mml:mi> <mml:mo stretchy=""false"">(</mml:mo> <mml:mi>L</mml:mi> <mml:mo stretchy=""false"">)</mml:mo> </mml:mrow> <mml:annotation encoding=""application/x-tex"">\Delta (L)</mml:annotation> </mml:semantics> </mml:math> </inline-formula> is the Lie superalgebra analog of the Lie delta ideal, used by the authors in the study of enveloping rings, and also of the finite conjugate center of a group, used in the study of group algebras and crossed products. In this paper we examine <inline-formula content-type=""math/mathml""> <mml:math xmlns:mml=""http://www.w3.org/1998/Math/MathML"" alttext=""upper U left-parenthesis upper L right-parenthesis""> <mml:semantics> <mml:mrow> <mml:mi>U</mml:mi> <mml:mo stretchy=""false"">(</mml:mo> <mml:mi>L</mml:mi> <mml:mo stretchy=""false"">)</mml:mo> </mml:mrow> <mml:annotation encoding=""application/x-tex"">U(L)</mml:annotation> </mml:semantics> </mml:math> </inline-formula>, where depending upon <inline-formula content-type=""math/mathml""> <mml:math xmlns:mml=""http://www.w3.org/1998/Math/MathML"" alttext=""c h a r upper K""> <mml:semantics> <mml:mrow> <mml:mi>char</mml:mi> <mml:mo>⁡<!-- ⁡ --></mml:mo> <mml:mi>K</mml:mi> </mml:mrow> <mml:annotation encoding=""application/x-tex"">\operatorname {char}K</mml:annotation> </mml:semantics> </mml:math> </inline-formula>, <inline-formula content-type=""math/mathml""> <mml:math xmlns:mml=""http://www.w3.org/1998/Math/MathML"" alttext=""upper U left-parenthesis upper L right-parenthesis""> <mml:semantics> <mml:mrow> <mml:mi>U</mml:mi> <mml:mo stretchy=""false"">(</mml:mo> <mml:mi>L</mml:mi> <mml:mo stretchy=""false"">)</mml:mo> </mml:mrow> <mml:annotation encoding=""application/x-tex"">U(L)</mml:annotation> </mml:semantics> </mml:math> </inline-formula> denotes either the enveloping algebra or the restricted enveloping algebra of <inline-formula content-type=""math/mathml""> <mml:math xmlns:mml=""http://www.w3.org/1998/Math/MathML"" alttext=""upper L""> <mml:semantics> <mml:mi>L</mml:mi> <mml:annotation encoding=""application/x-tex"">L</mml:annotation> </mml:semantics> </mml:math> </inline-formula>. We show that <inline-formula content-type=""math/mathml""> <mml:math xmlns:mml=""http://www.w3.org/1998/Math/MathML"" alttext=""normal upper Delta left-parenthesis upper L right-parenthesis""> <mml:semantics> <mml:mrow> <mml:mi mathvariant=""normal"">Δ<!-- Δ --></mml:mi> <mml:mo stretchy=""false"">(</mml:mo> <mml:mi>L</mml:mi> <mml:mo stretchy=""false"">)</mml:mo> </mml:mrow> <mml:annotation encoding=""application/x-tex"">\Delta (L)</mml:annotation> </mml:semantics> </mml:math> </inline-formula> controls certain properties of <inline-formula content-type=""math/mathml""> <mml:math xmlns:mml=""http://www.w3.org/1998/Math/MathML"" alttext=""upper U left-parenthesis upper L right-parenthesis""> <mml:semantics> <mml:mrow> <mml:mi>U</mml:mi> <mml:mo stretchy=""false"">(</mml:mo> <mml:mi>L</mml:mi> <mml:mo stretchy=""false"">)</mml:mo> </mml:mrow> <mml:annotation encoding=""application/x-tex"">U(L)</mml:annotation> </mml:semantics> </mml:math> </inline-formula>. Specifically, we consider semiprimeness, primeness, almost constants, almost centralizers, central closures, and the Artinian condition.",https://www.ams.org/tran/1992-334-01/S0002-9947-1992-1076611-X/S0002-9947-1992-1076611-X.pdf,https://doi.org/10.1090/s0002-9947-1992-1076611-x,1992-01-01
Constituents of Cissus quadrangularis Linn.(สารสำคญของตนเพชรสงฆาต),isoarborenol and the phytosterol as P-sitosterol.(Th.,https://digital.car.chula.ac.th/cgi/viewcontent.cgi?article=1488&context=tjps,https://doi.org/10.56808/3027-7922.1488,1986-01-01
Synthesis and Evaluation of Chromone Derivatives as Potential HIV-1 Protease Inhibitors(การสงเคราะหและประเมนประสทธผลของอนพนธโครโมนในการ...,ป,https://digital.car.chula.ac.th/cgi/viewcontent.cgi?article=2328&context=tjps,https://doi.org/10.56808/3027-7922.2328,2000-01-01
Anti-inflammatory and Bactericidal Properties of Selected Indigenous Medicinal Plants Used for Dysuria(ฤทธตานการอกเสบและฆาแบคทเรยของพชสมนไพรทอง...,"Aqueous extracts of five plants having ethnomédical application for dysuria were investigated for anti-inflammatory and bactericidal activity.The extracts of Ananas comosus and Carica papaya roots and of Averrhoa carambola stem inhibited rat paw inflammation induced by carrageenin.Intraperitoneally, their effects were comparable to that of acetylsalicylic acid.Oral administration of these extracts revealed only the anti-inflammatory activity of c. papaya.For bactericidal studies, Staphylococcus aureus was the most sensitive organism to the extract of A. carambola with a minimal bactericidal concentration (MBC) < 15.62 mg/ml.Escherichia coli, Pseudomonas aeruginosa and ร. aureus were similarly affected by the extracts from rhizomes of Cyperus rotundus and Imperata cylindrica with their MBCs of 62.5 mg/ml, whereas Klebsiella sp. was not affected by any of the test plants except A. carambola with MBC of 125 mg/ml.",https://digital.car.chula.ac.th/cgi/viewcontent.cgi?article=2284&context=tjps,https://doi.org/10.56808/3027-7922.2284,2002-01-01
Potential of Agricultural Lands for Conservation of Green Area in Chiang Mai City,"Chiang Mai, an important City in the northern part of Thailand, has been changed rapidly because ofurban development. This causes the increase of population and changes in land use, especially the rapiddecrease of agricultural lands which, as a result, affects on the environment and quality of life of people in thecity. The objectives of this research study were to investigate the potential of agricultural lands, the attitude ofthe agriculturist in the area on agricultural lands, and to give suggestions on how to conserve the agriculturallands sustainably by means of field survey, collected secondary data and interview 1,000 agriculturist withการศึกษาศักยภาพแหล่งเกษตรกรรม เพื่อการอนุรักษ์ให้เป็นพื้นที่สีเขียวของเมืองเชียงใหม่The Potential of Agricultural Lands for Conservation of Green Areain Chiang Mai Cityปรัชมาศ ลัญชานนท์Pradchamas Lanchanonคณะสถาปัตยกรรมศาสตร์และการออกแบบสิ่งแวดล้อม มหาวิทยาลัยแม่โจ้ เชียงใหม่ 50290Faculty of Architecture and Environmental Design, Maejo University, Chiang Mai 50290, ThailandE-mail: lanchanon@gmail.com116 JARS 10(2). 2013questionnaires. The potential of agricultural lands was then analyzed by Potential Surface Analysis (PSA) andquantitative data was analyzed in terms of percentage and mean. It was found that the northern and easternplains were appropriate for farming, and the southern plain for horticulture. As for economics and social aspects,it revealed that there were sufficient supporting market for farm products, but the problems was high productioncost and low production price. However, the agriculturists want to conserve their agricultural lands, but they didnot have younger generations to do farming. To conserve the farm lands sustainably, it consisted of the landuse control for conservation of agricultural lands, tax measures, investment funds or cooperative, producttransformed promotion, the development of central markets for agricultural products, the implantation ofland-use awareness to the people and younger generations, the knowledge and information dissimilation tothe agriculturists and agricultural grouping.",https://so02.tci-thaijo.org/index.php/jars/article/download/16833/15199,https://doi.org/10.56261/jars.v10i2.16833,2022-08-07
"Happiness of Undergraduate Nursing Students, Faculty of Nursing, Khon Kaen University","This descriptive research aimed to study happiness of nursing students at the Faculty of Nursing, Khon Kaen University. The population included 636 nursing students in years 1- 4. The instruments included the demographic data, Thai Mental Health Indicator, coping methods, and ways to increase happiness. Descriptive statistics, chi-square, one way ANOVA and t-test were used to analyze the data. The study found significant differences in happiness scores among the four years. The first year students showed the highest mean happiness score, followed by fourth year, second and third year, respectively. The first three coping methods used included accepting self, positive thinking and seeking consultation from friends.",http://hdl.handle.net/10072/61579,,2012-03-08
Local heat urticaria,"We present a 38-year-old woman with local heat urticaria confirmed by heat provocation testing. Heat urticaria is a rare form of physical urticaria that istriggered by exposure to a heat source, such as hot water or sunlight. Although it is commonly localized and immediate, generalized and delayed onset forms exist. Treatment options include antihistamines and heat desensitization. A brisk, mechanical stroke elicited a linear wheal. Five minutes after exposure to hot water, she developed well-demarcated,erythematous blanching wheals that covered the distal forearm and entire hand.",https://escholarship.org/content/qt7pc9g2hh/qt7pc9g2hh.pdf?t=p2soou,https://doi.org/10.5070/d32312037673,2017-01-01
Sarcocystis ในประเทศไทย I. อบตการของ Sarcoystis ในโคและกระบอ,การสารวจพยาธิ Sarcocystis ในหลอดอาหารของโคและกระบือจากโรงฆ่าสัตว์ ขององค์การอาหารสำเร็จรูป และโรงฆ่าสัตว์ของบริษัทสหสามัคคีค้าสัตว์ จำกัด เขตพระโขนง รวมทั้ง 2 แห่งเป็นโค 328 ตัว กระบือ 211 ตัว ซึ่งในการตรวจใช้วิธีดูด้วยตาเปล่า ตรวจดูด้วยกล้องจุลทรรศน์สเตอริโอและโดยการย่อย ในโคพบ Sarcocyst เมื่อ ดูด้วยตาเปล่า 2 ตัวอย่าง (0.61%) โดยการตรวจด้วยกล้องจุลทรรศน์สเตอริโอ 57 ตัวอย่าง (17.38%) จากการย่อย 326 ตัวอย่าง ตัวอย่าง (99.39%) และจากการศึกษาทางจุลพยาธิวิทยาพบ S. cruzi มากกว่า S. hirsuta และ S. hominis ในกระบือพบซีสต์ขนาดใหญ่ (macrocyst) ซึ่งเป็นซีสต์ของ S. fustiformis เมื่อดูด้วยตาเปล่า 81 ตัวอย่าง (38.39%) โดยการตรวจด้วยกล้องจุลทรรศน์สเตอริโอพบซีสต์ขนาดเล็ก (microcyst) ซึ่งเป็นซีสต์ของ S. Levinet 77 ตัวอย่าง (36.49%) และตรวจพบโดยการย่อยในทุกตัวอย่าง (100%) จะเห็นได้ว่าการติดพยาธิ Sarcocyst ในประเทศไทยมีอัตราสูงที่สุดทั้งในโคและกระบือ,https://digital.car.chula.ac.th/cgi/viewcontent.cgi?article=1510&context=tjvm,https://doi.org/10.56808/2985-1130.1510,1988-12-01
Environmental effects on the quality of bovine semen(ผลของสภาวะแวดลอมตอคณภาพของนำเชอโคและกระบอ),"The interaction between semen quality of Holstein Friesian, Jersey, Crossbred and Nili-Ravi buffaloes and the environment was studied. Semen was collected for one year at the Semen Production Unit, Surizai District, Peshawar from 10 Holstein Friesian, 4 Jersey and 4 Crossbred bulls and 3 buffaloes. Semen was collected early in the morning, twice weekly, using an artificial vagina. Environmental data regarding the monthly average temperature, humidity and daylight, was recorded. The correlation co-effi-cient between the semen volume, motility and sperm concentration and the three environmental parameters was calculated. Statistical analysis showed that in buffalo bulls motility was significantly (r> 0.5874) affected by temperature. In Holstein Friesians semen volume was significantly affected by humidity. In Jerseys sperm concentration was significantly affected by all the three parameters, while the crossbred semen showed no response to the changes in environment. It was concluded that semen quality in domestic animals is affected by the environment and this may serve as a helpful guide while processing semen for Artificial Insemination programs.(ศึกษาความสัมพันธ์ระหว่างคุณภาพของน้ำเชื้อและสภาวะแวดล้อมของพ่อโคพันธุ์ โฮลสไตน์ ฟรีเชี่ยน โคพันธุ์เจอร์ซี่ โคพันธุ์ผสม และกระบือนิลลิราวี เก็บน้ำเชื้อในช่วงเช้า สัปดาห์ละ 2 ครั้ง ตลอดระยะเวลา 1 ปี โดยใช้อวัยวะเพศเมียเทียม ที่สถานีผลิตน้ำเชื้อ เขตซูรีไซ เพสฮาวา จากโคพันธุ์โฮลสไตน์ ฟรีเชี่ยน จำนวน 10 ตัว โคพันธุ์เจอร์ซี่ จำนวน 4 ตัว โคพันธุ์ผสม จำนวน 4 ตัว และกระบือนิลลิราวี จำนวน 3 ตัว บันทึกข้อมูลของสภาวะแวดล้อม อาทิเช่น อุณหภูมิเฉลี่ยต่อเดือน ความชื้นสัมพัทธ์และแสงสว่าง นำมาคำนวณ หาความสัมพันธ์กับปริมาตรของน้ำเชื้อ การเคลื่อนไหว และความเข้มข้นของตัวอสุจิ จากการ ศึกษาพบว่าอุณหภูมิมีผลต่อการเคลื่อนไหวของตัวอสุจิในกระบือ (r > 0.5874) ความชื้นสัมพัทธ์ มีผลต่อปริมาตรของน้ำเชื้อของโคพันธุ์โฮลสไตน์ และพารามิเตอร์ทั้งสามชนิดมีผลต่อความเข้มข้นของน้ำเชื้อในโคพันธุ์เจอร์ซี่ ในขณะที่ไม่มีผลกระทบต่อคุณภาพน้ำเชื้อของโคพันธุ์ผสม จากการศึกษานี้สรุปได้ว่าสภาวะแวดล้อมมีผลกระทบต่อคุณภาพของน้ำเชื้อในโค และกระบือ ซึ่งข้อมูลนี้ใช้เป็นแนวทางในการผลิตน้ำเชื้อเพื่อใช้ในการผสมเทียม)",https://digital.car.chula.ac.th/cgi/viewcontent.cgi?article=1658&context=tjvm,https://doi.org/10.56808/2985-1130.1658,1995-03-01
การใชสารเคมรกษาโรค Transmissible Venereal Tumor (TVT) ในสนข,"รายงานการรักษาโรค Transmissible Venereal Tumor (TVT) ที่อวัยวะ สืบพันธุ์ภายนอก และ / หรือที่อวัยวะอื่น ๆ ของร่างกายสุนัขเพศผู้ 7 ตัว เพศเมีย 3 ตัว ด้วยสารเคมี Vincristine sulfate และ Methotrexate soidum สัปดาห์ละครั้ง นาน 4-8 สัปดาห์ สุนัข 3 ตัว แสดงอาการแพ้ยาด้วยอาการเบื่ออาหาร, คลื่นไส้, อาเจียน และถ่ายอุจจาระเหลว หลังจากให้การรักษา 48 ชั่วโมง สุนัขทุกตัวหายจากโรค (100%) และ ตรวจไม่พบโรคอีกหลังจากรักษาหายแล้ว 7-14 เดือน",https://digital.car.chula.ac.th/cgi/viewcontent.cgi?article=1343&context=tjvm,https://doi.org/10.56808/2985-1130.1343,1983-06-01
At Home Abroad: A Memoir of the Ford Foundation in Indonesia,"Bresnan เขียนหนังสือเล่มนี้เพื่อเล่าประสบการณ์ของการเข้ามาทำงานร่วมกับมูลนิธิฟอร์ดและการทำงานในอินโดนีเซีย เขาทำงานติดต่อใกล้ชิดกับอินโดนีเซียอยู่นานจนได้รับรางวัล Distinguished Service Star (Bintang Jasa Pratama) จากประธานาธิบดีเมกาวาตี ซูการ์โนบุตรี (Megawati Sukarnoputri) เมื่อปี ค.ศ. 2003 ในฐานะที่เป็นชาวอเมริกันที่ทำหน้าที่ประสานความสัมพันธ์ระหว่างสหรัฐอเมริกากับอินโดนีเซีย (Bresnan 2006, 1)&#x0D; หนังสือเล่มนี้เล่าประสบการณ์ส่วนบุคคลของ Bresnan โดยพยายามตอบคำถามหลักที่ประกอบไปด้วย ทำไมมูลนิธิฟอร์ดเข้าไปให้ความช่วยเหลือในอินโดนีเซียหลายปี ทำไมมูลนิธิฟอร์ดให้พนักงานอยู่ในอินโดนีเซีย และจัดตั้งโครงสร้างองค์กรของมูลนิธิแตกต่างไปจากมูลนิธิอื่น ๆ ที่เป็นของอเมริกา ตัวแทนของมูลนิธิฟอร์ดเข้าไปทำอะไรในอินโดนีเซีย มันคุ้มค่าอย่างนั้นหรือ และผู้เขียนจะกลับไปทำหน้าที่นั้นอีกครั้งหรือไม่หากมีโอกาส (Bresnan 2006, 2)",https://so08.tci-thaijo.org/index.php/ssjpolsci/article/download/979/717,https://doi.org/10.61462/cujss.v50i1.979,2022-10-12
Preliminary Study on Antibacterial Action of Thai Medicinal Plants for Respiratory Tract infection ( I )(การศกษาสมนไพรทมฤทธตานแบคทเรยททำให เก...,,https://digital.car.chula.ac.th/cgi/viewcontent.cgi?article=1362&context=tjps,https://doi.org/10.56808/3027-7922.1362,1988-01-01
Enantiomeric Separation of Salbutamol from Spiked Urine Extracted with Solid Stationary Phase(การแยกอแนนทโอเมอรของ salbutamol ทเตมในตวอยางปสสาวะโด...,,https://digital.car.chula.ac.th/cgi/viewcontent.cgi?article=2318&context=tjps,https://doi.org/10.56808/3027-7922.2318,2000-01-01
In vitro Hepatotoxicity Study of Barakol Using Human Hepatoma Cell Line HepG2(การศกษาความเปนพษของบาราคอลตอตบ โดยการทดสอบดวยเซลลมะเ...,"Human hepatoma cell line HepG2 was used to assess the hepatotoxic effects of barakol, isolated from young leaves of Cassia siamea.Barakol at concentrations of 0.25, 0.50, 0.75 and 1 mM were added to HepG2 cells for 24, 48, 72 and 96 hours.Cytotoxicity was assessed by a rapid MTT cell viability screening assay.Activities of lactate dehydrogenase enzyme in the culture medium were determined at 24 and 48 hours of barakol incubation.Acetaminophen, a well-known hepatotoxin, at concentrations of 1, 3, 5, 7 and 10 mM were also assessed in parallel in the same manner.Using MTT assay, barakol demonstrated a dose-and time-dependent cytotoxic effect in the same manner as acetaminophen.Barakol exhibited a significant (p<0.05)cytotoxic effect at concentrations of > 0.75 mM at 24 hours of exposure.At 48, 72 and 96 hours of exposure, cytotoxicities of barakol were shown at concentrations of > 0.50 mM.Fifty percent cytotoxicities (IC 5 0 ) of barakol on HepG2 cells at 24, 48, 72 and 96 hours of exposure were 5.70, 0.96, 0.77 and 0.68 mM, respectively; whereas the corresponding IC 50 of acetaminophen were 12.14, 11.13, 1.39 and 1.30 mM, respectively.At the same concentration of 1 mM, barakol was significantly (p<0.05)more cytotoxic to HepG2 cells than acetaminophen at every time point of compound exposures.However, both barakol and acetaminophen caused lactate dehydrogenase leakage in the same extent at 1 mM concentration and 48 hours exposure.A depleted reduced glutathione as well as a decrease of GSH/GSSG ratio following barakol exposure might explain the mechanism by which barakol induced hepatotoxicity.",https://digital.car.chula.ac.th/cgi/viewcontent.cgi?article=2314&context=tjps,https://doi.org/10.56808/3027-7922.2314,2001-01-01
Development of a Quality of Life Questionnaire: SF-36 (Thai Version)(การพฒนาแบบสอบถามคณภาพชวต SF-36 ฉบบภาษาไทย),"SF-36 is one of the most widely used instruments for the health-related quality of life assessment.It has been validated and studied in various groups of patients and general population.The main objective of this study was to develop a Thai version of SF-36 and examine the validity and reliability of this instrument.The development including forward and backward translations was conducted.A pilot study was carried out in 60 people to assess the feasibility.The instrument was further tested in 569 people aged 17 or older from May to November 1999.The average missing data rate for all eight dimensions was 1.4%.The percentage of the convergent and discriminant validity were found to be 91.4% and 96.4%, respectively.However, a confounding correlation, i.e. between Vitality and Mental Health dimensions, was demonstrated.The instrument is proved to be valid in terms of known-group validity.The internal consistency presented as Cronbach's alpha coefficients ranged from 0.63 to 0.77.In conclusion, the Thai version was consistent with the original.However, some aspects should be taken into account when employing this version, especially in interpreting the health status on Vitality and Mental Health.",https://digital.car.chula.ac.th/cgi/viewcontent.cgi?article=2324&context=tjps,https://doi.org/10.56808/3027-7922.2324,2000-01-01
"EFFECT OF 2-METHOXY-l, 4-NAPHTHOQUINONE ON MITOCHONDRIAL RESPIRATION.(ผลของ 2-เมทอกซ-1, 4-แนพโทดวโนน ทมตอกระบวนการหายใจ ของไมโดคอน...","2-methoxy-l, 4-naphthoquinone (MNQ), the compound that extract from the leaf of Garden Balsam (Impatiens balsamina), was found to stimulate state 4 respiration of isolated rat liver mitochondria. This compound showed difference in mechanism of action from classical uncoupler DNP; First MNQ didn't activate mitochondrial A TPase activity, second MNQ stimulated state 4 respiration in the presence of rotenone, and third, antimycin partially inhibited the MNQ stimulated state 4 respiration. However, both rotenone and antimycin could inhibited the effect of MNQ when used succinate as substrate instead of glutamate plusmalate.These indicated that MNQ acted as electron acceptor from NAD*linked substrate before site of action of rotenone and after antimycin.",https://digital.car.chula.ac.th/cgi/viewcontent.cgi?article=1260&context=tjps,https://doi.org/10.56808/3027-7922.1260,1992-01-01
Antiviral and Anticancer Activities of Stemona collinsae(ฤทธตานไวรส และฤทธตานมะเรงของ Stemona collinsae),"The roots of Stemona (Stemonaceae) have long been used traditionally for the treatment of respiratory diseases, enteric helminthes and as insecticides.In the present study, the dichloromethane-methanol (DCM'M, 1ะl), 95% ethanol and aqueous extracts of Stemona collinsae roots were investigated for in vitro antimicrobial, antiviral and anticancer activities.Using a plaque reduction assay, the DCM'M extract showed moderate activity against herpes simplex virus (HSV) type 1 and type 2 with 50% inhibitory concentrations of 105 ± 3.5 and 107 ± 6.2 pg/ml, respectively.Ethanol and aqueous extracts minimally inhibited HSV even at 300 pg/ml.All extracts exerted antiproliferative activity against malignant cell lines KB and MCF'7, with 50% cytotoxic concentrations ranging from 85 to 270 pg/ml.For anti-hepatitis B study, none were active against HBsAg secretion.Using a disc diffusion assay, all extracts displayed no activity against Staphylococcus aureus, Escherichia coli, Salmonella typhimurium, Pseudomonas aeruginosa, Candida albicans and Aspergillus niger.",https://digital.car.chula.ac.th/cgi/viewcontent.cgi?article=2234&context=tjps,https://doi.org/10.56808/3027-7922.2234,2005-01-01
Using Narrative Texts to Teach Reading,∫∑§—¥¬aO oŸâ Oπ°“√Oa“π “i“√∂„TMâ‡√◊EOs‡≈a“‡ae◊EO‡ae‘EiaeŸπ§«“i “i“√∂„π°“√Oa“π?“...“O—s°ƒ...¢Osπ‘ ‘μ ‡π◊EOs®“°‡√◊EOs‡≈a“i’‚§√s √â“s‡√◊EOs∑’E§≈â“¬§≈÷s°—π π‘ ‘μ®÷s “i“√∂‡¢â“„®‡√◊EOs‰¥âsa“¬ πO°®“°π’E®y¥ a√– s§a¢Os‡√◊EOs‡≈a“§◊O‡ae◊EO§«“i‡ae≈‘¥‡ae≈‘π ¥—sπ—Eππ‘ ‘μ®÷s√Ÿâ ÷° πy° π“π°—∫°“√Oa“π ∑”„Aâ‡·√s ®Ÿs„®„π°“√Oa“π¢Osπ‘ ‘μ‡ae‘Ei¢÷Eπ ·≈–§«“i “i“√∂„π°“√Oa“π¥’¢÷Eπ¥â«¬ O’°∑—EsoŸâ Oπ°“√Oa“π¬—s„TMâ ‡√◊EOs‡≈a“ Oπ§y≥∏√√i·≈–TMa«¬„Aâπ‘ ‘μi’®‘πμπ“°“√ ‡ae◊EOTMa«¬„Aâπ‘ ‘μi’§«“i “i“√∂„π°“√Oa“π Ÿs¢÷Eπ oŸâ Oπ§«√®—¥°‘®°√√i„πTM—Eπ‡√’¬π‡aiπ “i¢—Eπ ‰¥â·°a °‘®°√√i°aOπ°“√Oa“π °‘®°√√i√–A«a“s°“√Oa“π ·≈–°‘®°√√iA≈—s°“√Oa“π °‘®°√√i°aOπ°“√Oa“π‰¥â·°a 1) °“√ √â“s§«“i√Ÿâae◊Eπ∞“π‡°’E¬«°—∫‡√◊EOs∑’EOa“π 2) °“√§“¥‡¥“ 3) °“√Oa“π‡√◊EOs∫“s a«π„Aâπ‘ ‘μois°aOπ∑’Eπ‘ ‘μ®–Oa“π‡Os ·≈– 4) °‘®°√√i √â“s ·oπ?Ÿi‘®“°§”A≈—° °‘®°√√i√–A«a“s°“√Oa“π‰¥â·°a 1) °“√„TMâ°√–¥“...‚πâμ 2) c∂Ÿ° A√◊O o‘¥e 3) °“√ ‡μ‘i§”≈s„π·oπ?Ÿi‘ 4) °“√‡≈a“‡√◊EOsO’°§√—Es ·≈– 5) °“√ √â“s?“ae °‘®°√√iA≈—s°“√Oa“π ‰¥â·°a 1) °“√μ—Es§”∂“i 2) °“√O?‘a√“¬ 3) °“√‡¢’¬π 4) °‘®°√√i∑’E‡°’E¬«°—∫»‘≈a∑’E‰ia„TMâ§”aeŸ¥ ·≈– 5) °“√ ·μas¢¬“¬‡√◊EOs¢Osμπ‡Os,http://ejournals.swu.ac.th/index.php/hm/article/view/412,,2009-04-03
